ID,팔로워,팔로우,업로드 날짜,업로드 시간,장소 태그 여부,계정 태그 여부,해시태그,사진 이름,좋아요 수
___9km___,940,224,2021-05-19,00:16:55,1,0,['아르떼뮤지엄'],___9km____11.png,206
___9km___,940,224,2021-05-17,20:45:37,1,0,['아르떼뮤지엄'],___9km____12.png,270
___9km___,940,224,2021-05-16,21:07:19,1,0,['카멜리아힐'],___9km____13.png,226
___9km___,940,224,2021-05-15,22:53:01,1,0,['송악산'],___9km____14.png,197
___9km___,940,224,2021-05-15,21:53:06,1,0,['도두해안도로'],___9km____15.png,222
___9km___,940,224,2021-05-15,00:31:35,1,0,['금악오름'],___9km____16.png,245
___9km___,940,224,2021-05-14,23:33:32,1,0,['금악오름'],___9km____17.png,195
___9km___,940,224,2021-05-09,00:18:45,1,1,['나홀로나무'],___9km____21.png,220
lh_._._lh,499,133,2021-04-25,04:30:26,1,0,"['울산카페', '간절곶카페', '시선310']",lh_._._lh_4.png,532
kim_chae_hwan2,245,186,2021-06-08,21:45:37,0,0,"['05', '05', '17', 'fff', 'following', 'followforfollowback', 'instagood', 'liketime', 'likesforlike']",kim_chae_hwan2_3.png,90
kim_chae_hwan2,245,186,2021-05-18,23:08:07,0,0,"['05', '05', '17', 'fff', 'following', 'followforfollowback', 'instagood', 'liketime', 'likesforlike']",kim_chae_hwan2_4.png,73
seo_soldier_,551,281,2021-06-02,22:13:13,0,0,"['일상', 'daily', '좋아요', '좋아요반사', '좋반', '좋반테러', '좋아요테러', '맞팔', '선팔', '맞팔환영', '선팔환영', '맞팔선팔환영', '첫줄반사', 'likeforlikes', 'like4likes', 'followme', 'following', 'likeforfollow', 'follow4like', 'likeforlikeback', 'followforfollowback', 'l4like', 'followforfollowback', 'followlikefollow', 'fff', 'f4f', 'l4l', '팔로우', '일상', 'daily', '좋아요', '좋아요반사', '좋반', '좋반테러', '좋아요테러', '맞팔', '선팔', '맞팔환영', '선팔환영', '맞팔선팔환영', '첫줄반사', 'likeforlikes', 'like4likes', 'followme', 'following', 'likeforfollow', 'follow4like', 'likeforlikeback', 'followforfollowback', 'l4like', 'followforfollowback', 'followlikefollow', 'fff', 'f4f', 'l4l', '팔로우', '팔로미', '곰신', '럽스타']",seo_soldier__16.png,113
du_aheepa,461,290,2021-05-22,21:42:20,1,1,"['petit', 'nu', 'nu', 'twinz', '트윈즈그룹']",du_aheepa_4.png,228
du_aheepa,461,290,2021-04-24,17:41:32,1,0,['튤립축제'],du_aheepa_11.png,172
du_aheepa,461,290,2021-04-22,22:03:16,0,1,"['광고', 'ad']",du_aheepa_12.png,167
inyy_ng,1626,243,2021-05-21,18:51:31,1,0,"['협찬문우', '여행문릐']",inyy_ng_11.png,387
everlasting_cherish_0504,20,2,2021-05-23,18:32:08,0,0,"['좋아요테러', '좋아요반사', '팔로우', '좋아요테러', '좋반', '좋아요', '좋아요반사', '팔로우', '선팔', '럽스타그램', '04', '05', '고딩커플', '오늘의커플', '훈남훈녀', 'lovestagram', 'follow4like', 'fff', 'followforfollowback', 'likeforlikes', 'like4follow', 'l4f', 'f4f', 'l4l', 'ootd', '다렉']",everlasting_cherish_0504_3.png,19
everlasting_cherish_0504,20,2,2021-05-19,20:15:30,1,0,"['좋아요테러', '좋아요반사', '팔로우', '좋아요테러', '좋반', '좋아요', '좋아요반사', '팔로우', '선팔', '럽스타그램', '04', '05', '고딩커플', '오늘의커플', '훈남훈녀', 'lovestagram', 'follow4like', 'fff', 'followforfollowback', 'likeforlikes', 'like4follow', 'l4f', 'f4f', 'l4l', 'ootd', '다렉']",everlasting_cherish_0504_4.png,29
everlasting_cherish_0504,20,2,2021-04-10,19:53:32,0,0,"['좋아요테러', '좋아요반사', '팔로우', '좋아요테러', '좋반', '좋아요', '좋아요반사', '팔로우', '선팔', '럽스타그램', '04', '05', '고딩커플', '오늘의커플', '훈남훈녀', 'lovestagram', 'follow4like', 'fff', 'followforfollowback', 'likeforlikes', 'like4follow', 'l4f', 'f4f', 'l4l', 'ootd', '다렉']",everlasting_cherish_0504_5.png,22
everlasting_cherish_0504,20,2,2021-04-07,14:56:17,0,0,"['좋아요테러', '좋아요반사', '팔로우', '좋아요테러', '좋반', '좋아요', '좋아요반사', '팔로우', '선팔', '럽스타그램', '04', '05', '고딩커플', '오늘의커플', '훈남훈녀', 'lovestagram', 'follow4like', 'fff', 'followforfollowback', 'likeforlikes', 'like4follow', 'l4f', 'f4f', 'l4l', 'ootd', '다렉']",everlasting_cherish_0504_6.png,26
ryu__seong,137,305,2021-06-09,23:09:28,0,0,"['셀카', '셀피', '일상', '좋아요', '좋반', '좋아요반사', '팔로우', '맞좋아요', '첫줄반사', '선팔맞팔', '선팔', '맞팔', '선팔하면맞팔', '인친', '맞팔해요', '맞팔환영', 'selca', 'selfie', 'f4f', 'selstagram', 'fff', 'l4l', 'like4like', 'instadaily', 'instagood', 'instagram', 'instalike', 'follow', 'followme']",ryu__seong_2.png,110
ryu__seong,137,305,2021-05-28,23:00:22,0,0,"['얼스타그램', '셀카', '팔로우', 'follow', 'daily', 'dailylook', '일상스타그램', 'instadaily', 'instagood', 'instalike', '일상', '소통', '맞팔', '선팔', '빈티지', 'l4l', '좋아요', 'like', '좋반', 'instagram', '셀피', 'selfie', 'like4like', '셀스타그램', '데일리', '감성', '인친', '류성', 'daily', 'dailylook', '데일리룩', 'ootd']",ryu__seong_4.png,29
ryu__seong,137,305,2021-05-28,22:58:56,0,0,"['얼스타그램', '셀카', '팔로우', 'follow', 'daily', 'dailylook', '일상스타그램', 'instadaily', 'instagood', 'instalike', '일상', '소통', '맞팔', '선팔', '빈티지', 'l4l', '좋아요', 'like', '좋반', 'instagram', '셀피', 'selfie', 'like4like', '셀스타그램', '데일리', '감성', '인친', '류성', 'daily', 'dailylook', '데일리룩', 'ootd']",ryu__seong_5.png,19
ryu__seong,137,305,2021-05-28,22:57:59,0,0,"['얼스타그램', '셀카', '팔로우', 'follow', 'daily', 'dailylook', '일상스타그램', 'instadaily', 'instagood', 'instalike', '일상', '소통', '맞팔', '선팔', '빈티지', 'l4l', '좋아요', 'like', '좋반', 'instagram', '셀피', 'selfie', 'like4like', '셀스타그램', '데일리', '감성', '인친', '류성', 'daily', 'dailylook', '데일리룩', 'ootd']",ryu__seong_6.png,21
ryu__seong,137,305,2021-05-28,22:57:06,0,0,"['얼스타그램', '셀카', '팔로우', 'follow', 'daily', 'dailylook', '일상스타그램', 'instadaily', 'instagood', 'instalike', '일상', '소통', '맞팔', '선팔', '빈티지', 'l4l', '좋아요', 'like', '좋반', 'instagram', '셀피', 'selfie', 'like4like', '셀스타그램', '데일리', '감성', '인친', '류성', 'daily', 'dailylook', '데일리룩', 'ootd']",ryu__seong_7.png,22
ryu__seong,137,305,2021-05-28,22:56:42,0,0,"['얼스타그램', '셀카', '팔로우', 'follow', 'daily', 'dailylook', '일상스타그램', 'instadaily', 'instagood', 'instalike', '일상', '소통', '맞팔', '선팔', '빈티지', 'l4l', '좋아요', 'like', '좋반', 'instagram', '셀피', 'selfie', 'like4like', '셀스타그램', '데일리', '감성', '인친', '류성', 'daily', 'dailylook', '데일리룩', 'ootd']",ryu__seong_8.png,23
ryu__seong,137,305,2021-05-28,22:56:03,0,0,"['얼스타그램', '셀카', '팔로우', 'follow', 'daily', 'dailylook', '일상스타그램', 'instadaily', 'instagood', 'instalike', '일상', '소통', '맞팔', '선팔', '빈티지', 'l4l', '좋아요', 'like', '좋반', 'instagram', '셀피', 'selfie', 'like4like', '셀스타그램', '데일리', '감성', '인친', '류성', 'daily', 'dailylook', '데일리룩', 'ootd']",ryu__seong_9.png,20
ryu__seong,137,305,2021-05-28,22:55:12,0,0,"['얼스타그램', '셀카', '팔로우', 'follow', 'daily', 'dailylook', '일상스타그램', 'instadaily', 'instagood', 'instalike', '일상', '소통', '맞팔', '선팔', '빈티지', 'l4l', '좋아요', 'like', '좋반', 'instagram', '셀피', 'selfie', 'like4like', '셀스타그램', '데일리', '감성', '인친', '류성', 'daily', 'dailylook', '데일리룩', 'ootd']",ryu__seong_10.png,22
ryu__seong,137,305,2021-05-28,22:53:04,0,0,"['셀카', '셀피', '일상', '좋아요', '좋반', '좋아요반사', '팔로우', '맞좋아요', '첫줄반사', '선팔맞팔', '선팔', '맞팔', '선팔하면맞팔', '인친', '맞팔해요', '맞팔환영', 'selca', 'selfie', 'f4f', 'selstagram', 'fff', 'l4l', 'like4like', 'instadaily', 'instagood', 'instagram', 'instalike', 'follow', 'followme']",ryu__seong_11.png,21
ryu__seong,137,305,2021-05-28,22:46:52,0,0,['류성구매가능'],ryu__seong_12.png,19
jeonyiee,438,170,2021-05-28,12:34:19,1,0,"['맞팔', '선팔맞팔', '좋아요', '좋반', '셀스타그램', '셀카', '얼스타그램', '일상', 'daily', 'dailylook', '데일리룩', '코디추천', '쇼핑몰추천', '소통', '렌즈', '카페추천', '카페스타그램', '협찬환영', '스냅사진', '프리랜서모델', '모델구함', '뷰티모델', 'ootd', 'flf', 'model', 'selstagram', 'selfie', 'dm']",jeonyiee_6.png,199
jeonyiee,438,170,2021-05-23,21:57:23,1,1,"['맞팔', '선팔맞팔', '좋아요', '좋반', '셀스타그램', '셀카', '얼스타그램', '일상', 'daily', 'dailylook', '데일리룩', '코디추천', '쇼핑몰추천', '소통', '렌즈', '패션스타그램', '카페스타그램', '협찬환영', '스냅사진', '프리랜서모델', '모델구함', '뷰티모델', 'ootd', 'flf', 'model', 'selstagram', 'selfie', 'dm']",jeonyiee_7.png,189
jeonyiee,438,170,2021-05-22,18:09:35,1,1,"['맞팔', '선팔맞팔', '좋아요', '좋반', '셀스타그램', '셀카', '얼스타그램', '일상', 'daily', 'dailylook', '데일리룩', '여름코디', '쇼핑몰추천', '소통', '렌즈', '카페스타그램', '협찬환영', '스냅사진', '프리랜서모델', '모델구함', '뷰티모델', 'ootd', 'flf', 'model', 'selstagram', 'selfie', 'dm', '인친']",jeonyiee_8.png,146
jeonyiee,438,170,2021-05-22,18:01:06,1,0,"['맞팔', '선팔맞팔', '좋아요', '좋반', '셀스타그램', '셀카', '얼스타그램', '일상', 'daily', 'dailylook', '데일리룩', '코디추천', '쇼핑몰추천', '소통', '렌즈', '패션스타그램', '카페스타그램', '협찬환영', '스냅사진', '프리랜서모델', '모델구함', '뷰티모델', 'ootd', 'flf', 'model', 'selstagram', 'selfie', 'dm']",jeonyiee_9.png,132
jeonyiee,438,170,2021-05-22,12:02:58,1,2,"['맞팔', '선팔맞팔', '좋아요', '좋반', '셀스타그램', '셀카', '얼스타그램', '일상', 'daily', 'dailylook', '데일리룩', '코디추천', '쇼핑몰추천', '소통', '렌즈', '카페추천', '카페스타그램', '협찬환영', '스냅사진', '프리랜서모델', '모델구함', '뷰티모델', 'ootd', 'flf', 'model', 'selstagram', 'selfie', 'dm']",jeonyiee_10.png,187
jeonyiee,438,170,2021-05-15,15:14:41,1,1,"['협찬', '맞팔', '선팔맞팔', '좋아요', '좋반', '셀스타그램', '셀카', '얼스타그램', '일상', 'daily', 'dailylook', '데일리룩', '코디추천', '쇼핑몰추천', '소통', '렌즈', '카페추천', '카페스타그램', '협찬환영', '스냅사진', '프리랜서모델', '모델구함', '뷰티모델', 'ootd', 'flf', 'model', 'selstagram', 'selfie', 'dm']",jeonyiee_11.png,173
jeonyiee,438,170,2021-05-15,12:16:43,1,1,"['성수카페추천', '맞팔', '선팔맞팔', '좋반', '셀스타그램', '셀카', '얼스타그램', '일상', 'daily', 'dailylook', '데일리룩', '여름코디', '쇼핑몰추천', '소통', '렌즈', '카페추천', '카페스타그램', '협찬환영', '스냅사진', '프리랜서모델', '모델구함', '뷰티모델', 'ootd', 'flf', 'model', 'selstagram', 'selfie', 'dm', '첫줄']",jeonyiee_12.png,67
jeonyiee,438,170,2021-05-06,22:04:42,1,0,"['맞팔', '선팔맞팔', '좋아요', '좋반', '셀스타그램', '셀카', '얼스타그램', '일상', 'daily', 'dailylook', '데일리룩', '코디추천', '쇼핑몰추천', '소통', '렌즈', '카페추천', '카페스타그램', '협찬환영', '스냅사진', '프리랜서모델', '모델구함', '뷰티모델', 'ootd', 'flf', 'model', 'selstagram', 'selfie', 'dm']",jeonyiee_13.png,139
jeonyiee,438,170,2021-05-06,14:11:00,1,1,"['맞팔', '선팔맞팔', '좋아요', '좋반', '셀스타그램', '셀카', '얼스타그램', '일상', 'daily', 'dailylook', '데일리룩', '코디추천', '쇼핑몰추천', '소통', '렌즈', '패션스타그램', '카페스타그램', '협찬환영', '스냅사진', '프리랜서모델', '모델구함', '뷰티모델', 'ootd', 'flf', 'model', 'selstagram', 'selfie', 'dm']",jeonyiee_14.png,211
7dayslovely,863,394,2021-06-07,23:07:05,0,0,"['좋아요테러', '좋아요', '좋아요반사', '좋반', '좋테', '좋팔', '핵인싸', '인팔', '인스타그램', '데일리그램', '소통', '선팔', '좋반테러', '좋튀', '반사', '첫줄반사', '좋반사', '첫줄좋반', '일상스타그램', '좋반테', '인친', '일상', 'l4l', 'f4f', 'lfl', '셀카', '운동', '여름', '웨이트', '유산소']",7dayslovely_8.png,100
7dayslovely,863,394,2021-06-06,16:24:33,0,0,"['음식', '음식스타그램', '좋아요테러', '좋아요', '좋아요반사', '좋반', '좋테', '좋팔', '핵인싸', '인팔', '인스타그램', '데일리그램', '소통', '선팔', '좋반테러', '좋튀', '반사', '첫줄반사', '좋반사', '첫줄좋반', '일상스타그램', '좋반테', '인친', '일상', 'l4l', 'f4f', 'lfl', '곱창전골', '돌곱창', '먹어봤니']",7dayslovely_9.png,58
7dayslovely,863,394,2021-06-06,16:12:54,0,0,"['교실', '좋아요테러', '좋아요', '좋아요반사', '좋반', '좋테', '좋팔', '핵인싸', '인팔', '인스타그램', '데일리그램', '소통', '선팔', '좋반테러', '좋튀', '반사', '첫줄반사', '좋반사', '첫줄좋반', '일상스타그램', '좋반테', '인친', '일상', 'l4l', 'f4f', 'lfl', '교복', '하복', '교복샷', '여긴어디']",7dayslovely_10.png,101
7dayslovely,863,394,2021-06-06,15:11:30,0,0,"['좋아요테러', '좋아요', '좋아요반사', '좋반', '좋테', '좋팔', '핵인싸', '인팔', '인스타그램', '데일리그램', '소통', '선팔', '좋반테러', '좋튀', '반사', '첫줄반사', '좋반사', '첫줄좋반', '일상스타그램', '좋반테', '인친', '일상', 'l4l', 'f4f', 'lfl', '하복', '교복체험', '교복스타그램', '드라마촬영장']",7dayslovely_11.png,78
7dayslovely,863,394,2021-06-06,15:09:44,0,0,"['좋아요테러', '좋아요', '좋아요반사', '좋반', '좋테', '좋팔', '핵인싸', '인팔', '인스타그램', '데일리그램', '소통', '선팔', '좋반테러', '좋튀', '반사', '첫줄반사', '좋반사', '첫줄좋반', '일상스타그램', '좋반테', '인친', '일상', 'l4l', 'f4f', 'lfl', '교복', '드라마촬영장', '동복', '교복샷', '옛날교복']",7dayslovely_12.png,81
7dayslovely,863,394,2021-06-05,22:49:35,0,0,"['불토', '좋아요테러', '좋아요', '좋아요반사', '좋반', '좋테', '좋팔', '핵인싸', '인팔', '인스타그램', '데일리그램', '소통', '선팔', '좋반테러', '좋튀', '반사', '첫줄반사', '좋반사', '첫줄좋반', '일상스타그램', '좋반테', '인친', '일상', 'l4l', 'f4f', 'lfl', '셀카', '서천공원', '광양', '불토']",7dayslovely_13.png,68
7dayslovely,863,394,2021-06-05,21:11:19,0,0,"['좋아요테러', '좋아요', '좋아요반사', '좋반', '좋테', '좋팔', '핵인싸', '인팔', '인스타그램', '데일리그램', '소통', '선팔', '좋반테러', '좋튀', '반사', '첫줄반사', '좋반사', '첫줄좋반', '일상스타그램', '좋반테', '인친', '일상', 'l4l', 'f4f', 'lfl', '떡볶이', '오뎅탕', '분식', '야식']",7dayslovely_14.png,57
7dayslovely,863,394,2021-06-05,18:14:51,0,0,"['전신샷', '아이폰', '좋아요', '좋아요반사', '좋반', '좋테', '좋팔', '핵인싸', '인팔', '인스타그램', '데일리그램', '소통', '선팔', '좋반테러', '좋튀', '반사', '첫줄반사', '좋반사', '첫줄좋반', '일상스타그램', '좋반테', '인친', '일상', 'l4l', 'f4f', 'lfl', '불토', '헬스', '운동', '체육시간']",7dayslovely_15.png,80
7dayslovely,863,394,2021-06-05,08:38:22,1,0,"['좋아요테러', '좋아요', '좋아요반사', '좋반', '좋테', '좋팔', '핵인싸', '인팔', '인스타그램', '데일리그램', '소통', '주님', 'jesuschrist', 'jesus', 'holyspirit', 'godisgood', '좋반사', '첫줄좋반', '일상스타그램', '좋반테', '인친', '일상', 'l4l', 'f4f', 'lfl', '공부', '말씀', '성경공부']",7dayslovely_16.png,55
7dayslovely,863,394,2021-06-04,23:10:03,0,0,"['잘자요', '좋아요테러', '좋아요', '좋아요반사', '좋반', '좋테', '좋팔', '핵인싸', '인팔', '인스타그램', '데일리그램', '소통', '선팔', '좋반테러', '좋튀', '반사', '첫줄반사', '좋반사', '첫줄좋반', '일상스타그램', '좋반테', '인친', '일상', 'l4l', 'f4f', 'lfl', '불금', '운동', '웨이트', '전신샷']",7dayslovely_17.png,89
7dayslovely,863,394,2021-06-03,22:22:21,0,0,"['셀카', '오랜만에운동', '좋아요테러', '좋아요', '좋아요반사', '좋반', '좋테', '좋팔', '핵인싸', '인팔', '인스타그램', '데일리그램', '소통', '선팔', '좋반테러', '좋튀', '반사', '첫줄반사', '좋반사', '첫줄좋반', '일상스타그램', '좋반테', '인친', '일상', 'l4l', 'f4f', 'lfl', '운동하는여자', '운동', '웨이트']",7dayslovely_18.png,86
seung.hyeon.91,1594,1011,2021-06-05,11:04:17,1,2,"['험멜', '험멜천사', '엔젤스포츠', 'hummel', '루카스포츠', '평택', '풋살팀', '풋살', '20번', '스타일fs', '스타일TV', '유튜브', '좋아요구독', '알림설정', '대회준비', '좋아요', '오오티디', '화이팅', '좋은결과', '좋은성과', '있기를', '아이엠그라운드', '개인풋살매치']",seung.hyeon.91_3.png,156
seung.hyeon.91,1594,1011,2021-06-02,23:14:03,1,0,"['일상', '평일', '수요일', '저녁운동', '야간운동', '스타일fs', '천안fs', '연습경기', '축구', '풋살', '풋살팀', '대회준비', '험멜', '험멜천사', 'hummel', '루카스포츠', '유튜브', '좋아요구독꾹꾹', '스타일TV', '수고하셨습니다', '아이엠그라운드', '개인풋살매치', '좋아요', '오오티디', '휴식']",seung.hyeon.91_4.png,205
seung.hyeon.91,1594,1011,2021-05-24,07:27:40,1,0,"['일상', '좋아요', '오오티디', '루카스포츠', '험멜천사', '험멜', 'hummel', '데스포르치', 'FCMM', '쓰리톱', '풋살대회', '스타일fs', '스타일TV', '16강탈락', '아쉽다', '20번', '진짜', '잘하고싶다', '바모스', '다들', '고생했어', '최고', '아프리카tv', '유투브', '생방송', '아이엠그라운드', '개인풋살매치']",seung.hyeon.91_8.png,178
seung.hyeon.91,1594,1011,2021-05-23,17:57:40,1,0,"['루카스포츠', '험멜천사', '험멜', 'hummel', '축구', '풋살', '스타일fs', '스타일TV', '유투브', '좋아요', '구독', '예선', '조', '1위', '16강탈락', 'fs혼', '선배님들', '좋아요', '오오티디', '일요일', '주말', '피곤', '졸리다', '쓰리톱', 'FCMM', '아이엠그라운드', '개인풋살매치']",seung.hyeon.91_9.png,216
seung.hyeon.91,1594,1011,2021-05-23,16:39:19,0,0,"['루카스포츠', '험멜천사', '험멜', 'hummel', '축구', '풋살', '스타일fs', '스타일TV', '유투브', '좋아요', '구독', '예선', '조', '1위', '16강진출', '좋아요', '오오티디', '일요일', '주말', '피곤', '졸리다', '쓰리톱', 'FCMM', '바모스', '아이엠그라운드', '개인풋살매치']",seung.hyeon.91_10.png,196
seung.hyeon.91,1594,1011,2021-05-07,10:41:50,1,0,"['일상', '평일', '금요일', '불금', '장마인가', '비', '많이', '온다', '외근중', '운전하기싫다', '셀카', '셀피', '좋아요', '오오티디', '데일리룩', '원곡', '랭스커피', '삭신이쑤신다', '퇴근각']",seung.hyeon.91_14.png,197
seung.hyeon.91,1594,1011,2021-05-06,20:18:52,1,0,"['평일', '목요일', '퇴근하고', '카페', '원곡', '랭스커피', '좋아요', '오오티디', '데일리룩', '셀카', '셀피', '이번주', '풋살대회', '잘하자', '사진고자', '날씨', '굿', '스타일fs', '유투브', '구독과좋아요', '부탁해요']",seung.hyeon.91_15.png,202
seung.hyeon.91,1594,1011,2021-04-28,23:46:02,1,3,"['일상', '평일', '수요일', '축구', '풋살', '스타일fs', '펌킨fs', '루카스포츠', '험멜', '험멜천사', 'hummel', '쓰리톱', '대회준비', '수고하셨습니다', '빡겜', '20번', '9번', '19번', '좋아요', '오오티디', '휴식', '데스포르치', '전사유니폼']",seung.hyeon.91_16.png,214
seung.hyeon.91,1594,1011,2021-04-24,19:06:58,1,0,"['일상', '주말', '토요일', '셀카', '셀피', '좋아요', '오오티디', '데일리룩', '성환', '메주리카페', '날씨좋다', '사진고자', '나들이', '휴무', '피곤', '졸리다', '휴식', '휴', '흰티', '청바지']",seung.hyeon.91_17.png,211
seung.hyeon.91,1594,1011,2021-04-14,23:52:59,1,1,"['루카', '루카스포츠', '전사유니폼', '새로운', '유니폼', '데스포르치', '험멜', '험멜천사', 'hummel', '좋아요', '오오티디', '축구', '풋살', '풋살팀', '스타일fs', '수요일', '저녁', '운동', '분발하자', '발전하자', '빡겜', '대회준비', '연습', '화이팅', '수고했다', '휴식', '취침', '굿밤', '20번', '7번']",seung.hyeon.91_18.png,244
seung.hyeon.91,1594,1011,2021-04-09,22:07:22,1,0,"['일상', '평일', '금요일', '불금', '퇴근하고', '커피한잔', '늦퇴', '셀카', '셀피', '좋아요', '오오티디', '데일리룩', '평택', '카페', '고문', '밤에는', '춥다', '휴식', '내일도', '출근', '쉬고싶다', '휴', '피곤피곤', '졸림', '봄']",seung.hyeon.91_19.png,251
96_1004s,1114,284,2021-06-03,15:56:04,0,0,"['아트몰링문화센터', '오레아오감통합놀이', '첫문센', '6개월아기', '쥐띠아가', '육아맘소통', '쥐띠맘', '젊줌마', '육아소통', '육아맘', '육아맘일상', '육아맘맞팔', '일상', '소통', '좋아요테러', '좋아요반사', '팔로우', '맞팔환영', '맞팔', '선팔하면맞팔', '선팔맞팔', '좋아요테러', '좋반', '좋아요', '좋아요반사', '팔로우', '맞팔환영', '맞팔해요', '선팔하면맞팔', '선팔']",96_1004s_4.png,35
96_1004s,1114,284,2021-05-29,09:52:12,0,0,"['6개월아기', '6개월입성', '6month', '쥐띠아가', '육아맘소통', '쥐띠맘', '젊줌마', '육아소통', '육아맘', '육아맘일상', '육아맘맞팔', '일상', '소통', '좋아요테러', '좋아요반사', '팔로우', '맞팔환영', '맞팔', '선팔하면맞팔', '선팔맞팔', '좋아요테러', '좋반', '좋아요', '좋아요반사', '팔로우', '맞팔환영', '맞팔해요', '선팔하면맞팔', '선팔']",96_1004s_5.png,32
96_1004s,1114,284,2021-05-29,09:50:25,0,0,"['6개월아기', '6개월입성', '6month', '쥐띠아가', '육아맘소통', '쥐띠맘', '젊줌마', '육아소통', '육아맘', '육아맘일상', '육아맘맞팔', '일상', '소통', '좋아요테러', '좋아요반사', '팔로우', '맞팔환영', '맞팔', '선팔하면맞팔', '선팔맞팔', '좋아요테러', '좋반', '좋아요', '좋아요반사', '팔로우', '맞팔환영', '맞팔해요', '선팔하면맞팔', '선팔']",96_1004s_6.png,32
96_1004s,1114,284,2021-05-25,14:43:46,0,0,"['초기이유식', '초기이유식1단계끝', '이유식', '쥐띠아가', '육아맘소통', '쥐띠맘', '젊줌마', '육아소통', '육아맘', '육아맘일상', '육아맘맞팔', '일상', '소통', '좋아요테러', '좋아요반사', '팔로우', '맞팔환영', '맞팔', '선팔하면맞팔', '선팔맞팔', '좋아요테러', '좋반', '좋아요', '좋아요반사', '팔로우', '맞팔환영', '맞팔해요', '선팔하면맞팔', '선팔']",96_1004s_7.png,37
96_1004s,1114,284,2021-05-25,14:40:48,0,0,"['블랑가또', '블랑가또코끼리애착인형', '코끼리인형', '애착인형', '쥐띠아가', '육아맘소통', '쥐띠맘', '젊줌마', '육아소통', '육아맘', '육아맘일상', '육아맘맞팔', '일상', '소통', '좋아요테러', '좋아요반사', '팔로우', '맞팔환영', '맞팔', '선팔하면맞팔', '선팔맞팔', '좋아요테러', '좋반', '좋아요', '좋아요반사', '팔로우', '맞팔환영', '맞팔해요', '선팔하면맞팔', '선팔']",96_1004s_8.png,40
96_1004s,1114,284,2021-05-23,08:09:30,0,0,"['쥐띠아가', '육아맘소통', '쥐띠맘', '젊줌마', '육아소통', '육아맘', '육아맘일상', '육아맘맞팔', '일상', '소통', '좋아요테러', '좋아요반사', '팔로우', '맞팔환영', '맞팔', '선팔하면맞팔', '선팔맞팔', '좋아요테러', '좋반', '좋아요', '좋아요반사', '팔로우', '맞팔환영', '맞팔해요', '선팔하면맞팔', '선팔']",96_1004s_9.png,37
96_1004s,1114,284,2021-05-12,15:20:03,0,0,"['취향저격', '여행룩', '5개월아가', '쥐띠아가', '육아맘소통', '쥐띠맘', '젊줌마', '육아소통', '육아맘', '육아맘일상', '육아맘맞팔', '일상', '소통', '좋아요테러', '좋아요반사', '팔로우', '맞팔환영', '맞팔', '선팔하면맞팔', '선팔맞팔', '좋아요테러', '좋반', '좋아요', '좋아요반사', '팔로우', '맞팔환영', '맞팔해요', '선팔하면맞팔', '선팔']",96_1004s_10.png,29
96_1004s,1114,284,2021-05-12,15:16:01,0,0,"['거제도', '거제도여행', '가족여행', '머물다펜션', '5개월아기', '쥐띠아가', '육아맘소통', '쥐띠맘', '젊줌마', '육아소통', '육아맘', '육아맘일상', '육아맘맞팔', '일상', '소통', '좋아요테러', '좋아요반사', '팔로우', '맞팔환영', '맞팔', '선팔하면맞팔', '선팔맞팔', '좋아요테러', '좋반', '좋아요', '좋아요반사', '팔로우', '맞팔환영', '맞팔해요', '선팔하면맞팔', '선팔']",96_1004s_11.png,30
96_1004s,1114,284,2021-05-12,15:12:17,0,0,"['거제도', '거제도여행', '풀빌라', '거제도풀빌라', '머물다펜션', '가족여행', '쥐띠아가', '육아맘소통', '쥐띠맘', '젊줌마', '육아소통', '육아맘', '육아맘일상', '육아맘맞팔', '일상', '소통', '좋아요테러', '좋아요반사', '팔로우', '맞팔환영', '맞팔', '선팔하면맞팔', '선팔맞팔', '좋아요테러', '좋반', '좋아요', '좋아요반사', '팔로우', '맞팔환영', '맞팔해요', '선팔하면맞팔', '선팔']",96_1004s_12.png,29
96_1004s,1114,284,2021-05-07,14:01:27,0,0,"['쥐띠아가', '육아맘소통', '쥐띠맘', '젊줌마', '육아소통', '육아맘', '육아맘일상', '육아맘맞팔', '일상', '소통', '좋아요테러', '좋아요반사', '팔로우', '맞팔환영', '맞팔', '선팔하면맞팔', '선팔맞팔', '좋아요테러', '좋반', '좋아요', '좋아요반사', '팔로우', '맞팔환영', '맞팔해요', '선팔하면맞팔', '선팔']",96_1004s_13.png,30
96_1004s,1114,284,2021-05-07,14:00:44,0,0,"['쥐띠아가', '육아맘소통', '쥐띠맘', '젊줌마', '육아소통', '육아맘', '육아맘일상', '육아맘맞팔', '일상', '소통', '좋아요테러', '좋아요반사', '팔로우', '맞팔환영', '맞팔', '선팔하면맞팔', '선팔맞팔', '좋아요테러', '좋반', '좋아요', '좋아요반사', '팔로우', '맞팔환영', '맞팔해요', '선팔하면맞팔', '선팔']",96_1004s_14.png,32
mukboss_zzelly,742,602,2021-06-09,18:15:10,0,0,"['연어로만', '연어맛집', '서초맛집', '서울맛집', '사케동', '맛집추천', '먹방', '오늘뭐먹지', '먹스타그램', '먹스타', '먹스타맞팔', '먹팔', '먹스타그램맞팔', '먹팔환영', '먹팔맞팔', '좋아요테러', '좋반', '좋아요', '좋아요반사', '팔로우', '맞팔환영', '맞팔해요', '선팔', '협찬환영', 'follow4like', 'fff', 'daily', 'likeforlikes']",mukboss_zzelly_6.png,142
mukboss_zzelly,742,602,2021-06-08,12:27:28,0,0,"['왕푸징마라탕', '마라탕맛집', '부천맛집', '중동맛집', '맛집추천', '먹방', '오늘뭐먹지', '먹스타그램', '먹스타', '먹스타맞팔', '먹팔', '먹스타그램맞팔', '먹팔환영', '먹팔맞팔', '좋아요테러', '좋반', '좋아요', '좋아요반사', '팔로우', '맞팔환영', '맞팔해요', '선팔', '협찬환영', 'follow4like', 'fff', 'daily', 'likeforlikes']",mukboss_zzelly_7.png,102
mukboss_zzelly,742,602,2021-06-07,12:02:42,0,0,"['올리앤', '자이언트스테이크', '파스타맛집', '경기맛집', '스테이크맛집', '맛집추천', '먹방', '오늘뭐먹지', '먹스타그램', '먹스타', '먹스타맞팔', '먹팔', '먹스타그램맞팔', '먹팔환영', '먹팔맞팔', '좋아요테러', '좋반', '좋아요', '좋아요반사', '팔로우', '맞팔환영', '맞팔해요', '선팔', '협찬환영', 'follow4like', 'fff', 'daily', 'likeforlikes']",mukboss_zzelly_8.png,107
mukboss_zzelly,742,602,2021-06-03,23:43:38,0,0,"['명랑핫도그', '명랑핫볶이', '떡볶이맛집', '핫도그맛집', '맛집추천', '먹방', '오늘뭐먹지', '먹스타그램', '먹스타', '먹스타맞팔', '먹팔', '먹스타그램맞팔', '먹팔환영', '먹팔맞팔', '좋아요테러', '좋반', '좋아요', '좋아요반사', '팔로우', '맞팔환영', '맞팔해요', '선팔', '협찬환영', 'follow4like', 'fff', 'daily', 'likeforlikes']",mukboss_zzelly_9.png,102
mukboss_zzelly,742,602,2021-06-01,16:21:42,0,0,"['노티드도넛', '안국맛집', '도넛맛집', '생크림도넛', '맛집추천', '먹방', '오늘뭐먹지', '먹스타그램', '먹스타', '먹스타맞팔', '먹팔', '먹스타그램맞팔', '먹팔환영', '먹팔맞팔', '좋아요테러', '좋반', '좋아요', '좋아요반사', '팔로우', '맞팔환영', '맞팔해요', '선팔', '협찬환영', 'follow4like', 'fff', 'daily', 'likeforlikes']",mukboss_zzelly_10.png,98
mukboss_zzelly,742,602,2021-05-30,16:12:31,0,0,"['달쿠쿠', '시흥카페', '카페추천', '시흥달쿠쿠', '맛집추천', '먹방', '오늘뭐먹지', '먹스타그램', '먹스타', '먹스타맞팔', '먹팔', '먹스타그램맞팔', '먹팔환영', '먹팔맞팔', '좋아요테러', '좋반', '좋아요', '좋아요반사', '팔로우', '맞팔환영', '맞팔해요', '선팔', '협찬환영', 'follow4like', 'fff', 'daily', 'likeforlikes']",mukboss_zzelly_11.png,173
mukboss_zzelly,742,602,2021-05-27,16:11:18,0,0,"['꽁비비알', '뚝섬맛집', '건대맛집', '맛집추천', '먹방', '오늘뭐먹지', '먹스타그램', '먹스타', '먹스타맞팔', '먹팔', '먹스타그램맞팔', '먹팔환영', '먹팔맞팔', '좋아요테러', '좋반', '좋아요', '좋아요반사', '팔로우', '맞팔환영', '맞팔해요', '선팔', '협찬환영', 'follow4like', 'fff', 'daily', 'likeforlikes']",mukboss_zzelly_12.png,142
mukboss_zzelly,742,602,2021-05-23,14:32:15,0,0,"['여의나루', '한강맛집', '서울맛집', '맛집추천', '먹방', '오늘뭐먹지', '먹스타그램', '먹스타', '먹스타맞팔', '먹팔', '먹스타그램맞팔', '먹팔환영', '먹팔맞팔', '좋아요테러', '좋반', '좋아요', '좋아요반사', '팔로우', '맞팔환영', '맞팔해요', '선팔', '협찬환영', 'follow4like', 'fff', 'daily', 'likeforlikes']",mukboss_zzelly_13.png,109
mukboss_zzelly,742,602,2021-05-21,15:03:00,0,0,"['땡스그린', '샐러드파스타', '숙대맛집', '용산맛집', '서울맛집', '맛집추천', '먹방', '오늘뭐먹지', '먹스타그램', '먹스타', '먹스타맞팔', '먹팔', '먹스타그램맞팔', '먹팔환영', '먹팔맞팔', '좋아요테러', '좋반', '좋아요', '좋아요반사', '팔로우', '맞팔환영', '맞팔해요', '선팔', '협찬환영', 'follow4like', 'fff', 'daily', 'likeforlikes']",mukboss_zzelly_14.png,89
mukboss_zzelly,742,602,2021-05-18,16:48:11,0,0,"['민벅', '건대맛집', '파스타맛집', '서울맛집', '건대민벅', '맛집추천', '먹방', '오늘뭐먹지', '먹스타그램', '먹스타', '먹스타맞팔', '먹팔', '먹스타그램맞팔', '먹팔환영', '먹팔맞팔', '좋아요테러', '좋반', '좋아요', '좋아요반사', '팔로우', '맞팔환영', '맞팔해요', '선팔', '협찬환영', 'follow4like', 'fff', 'daily', 'likeforlikes']",mukboss_zzelly_15.png,130
mukboss_zzelly,742,602,2021-05-16,14:26:50,0,0,"['모미모미', '연어장정식', '연어맛집', '홍대맛집', '서울맛집', '맛집추천', '먹방', '오늘뭐먹지', '먹스타그램', '먹스타', '먹스타맞팔', '먹팔', '먹스타그램맞팔', '먹팔환영', '먹팔맞팔', '좋아요테러', '좋반', '좋아요', '좋아요반사', '팔로우', '맞팔환영', '맞팔해요', '선팔', '협찬환영', 'follow4like', 'fff', 'daily', 'likeforlikes']",mukboss_zzelly_16.png,99
taegeun.e,331,106,2021-06-06,20:23:46,0,0,"['followforfollowback', 'followforfollow', 'like4follow', 'like4like', 'likeforlikes', 'likeforfollow', 'followme', 'follow', 'selfie', 'dm', 'selca', 'f4f', 'l4l']",taegeun.e_3.png,42
11._.05jj,13,8,2021-05-20,23:26:53,1,1,"['첫줄', '오오티디', '좋아요', '좋아요반사', '일상', '일상스타그램', '치료', '다리환자', '침대', '발목', '무릎', '다리병신', '재활치료', '부상', '대학생', '인스타', '운동하는', '체대생', '마스크', '체대입시', '병원', '재활', '운동']",11._.05jj_9.png,30
lovely_yubin1025,724,322,2021-05-30,22:58:33,0,0,"['55개월아기', '원숭이띠아기', '몽산포제빵소', '빵맛집', '비눗방울놀이', '해피해피', '굿', '또하나의추억', '일상행복', '일상기록', '엄빠는', '아들바보', '행복한세가족', '아들맘', '도치부부그램', '간지베이비', '잘생긴아들램', '뽀시래기유빈', '세젤귀', '내꺼중에최고', 'baby', 'ootd', 'daily', 'follow', '선팔맞팔', '좋아요', '좋아요반사']",lovely_yubin1025_5.png,69
lovely_yubin1025,724,322,2021-05-30,22:48:13,0,0,"['55개월아기', '원숭이띠아기', '백사장', '꽃게다리', '모래놀이', '공놀이', '해피해피', '굿', '또하나의추억', '일상행복', '일상기록', '엄빠는', '아들바보', '행복한세가족', '아들맘', '도치부부그램', '간지베이비', '잘생긴아들램', '뽀시래기유빈', '세젤귀', '내꺼중에최고', 'baby', 'ootd', 'daily', 'follow', '선팔맞팔', '좋아요', '좋아요반사']",lovely_yubin1025_6.png,59
lovely_yubin1025,724,322,2021-05-30,22:45:03,0,0,"['55개월아기', '원숭이띠아기', '백사장', '물고기보러', '겸사겸사', '장도보고', '해피해피', '굿', '또하나의추억', '일상행복', '일상기록', '엄빠는', '아들바보', '행복한세가족', '아들맘', '도치부부그램', '간지베이비', '잘생긴아들램', '뽀시래기유빈', '세젤귀', '내꺼중에최고', 'baby', 'ootd', 'daily', 'follow', '선팔맞팔', '좋아요', '좋아요반사']",lovely_yubin1025_7.png,42
lovely_yubin1025,724,322,2021-05-12,22:50:14,0,0,"['54개월아기', '원숭이띠아기', '어버이날카네이션', '감동감동', '아들밖에없네', '해피해피', '굿', '또하나의추억', '일상행복', '일상기록', '엄빠는', '아들바보', '행복한세가족', '아들맘', '도치부부그램', '간지베이비', '잘생긴아들램', '뽀시래기유빈', '세젤귀', '내꺼중에최고', 'baby', 'ootd', 'daily', 'follow', '선팔맞팔', '좋아요반사']",lovely_yubin1025_9.png,108
lovely_yubin1025,724,322,2021-05-12,22:33:59,0,0,"['54개월아기', '원숭이띠아기', '라니헤어', '단골미용실', '해피해피', '굿', '또하나의추억', '일상행복', '일상기록', '엄빠는', '아들바보', '행복한세가족', '아들맘', '도치부부그램', '간지베이비', '잘생긴아들램', '뽀시래기유빈', '세젤귀', '내꺼중에최고', 'baby', 'ootd', 'daily', 'follow', '선팔맞팔', '좋아요반사']",lovely_yubin1025_10.png,84
lovely_yubin1025,724,322,2021-05-12,22:29:12,0,0,"['54개월아기', '원숭이띠아기', '동네산책', '단골커피숍', '해피해피', '굿', '또하나의추억', '일상행복', '일상기록', '엄빠는', '아들바보', '행복한세가족', '아들맘', '도치부부그램', '간지베이비', '잘생긴아들램', '뽀시래기유빈', '세젤귀', '내꺼중에최고', 'baby', 'ootd', 'daily', 'follow', '선팔맞팔', '좋아요', '좋아요반사']",lovely_yubin1025_11.png,64
lovely_yubin1025,724,322,2021-05-06,03:02:23,0,0,"['54개월아기', '원숭이띠아기', '남친', '너희들만좋다면', '오늘을', '즐겨라', '해피해피', '굿', '또하나의추억', '일상행복', '일상기록', '엄빠는', '아들바보', '행복한세가족', '아들맘', '도치부부그램', '간지베이비', '잘생긴아들램', '뽀시래기유빈', '세젤귀', '내꺼중에최고', 'baby', 'ootd', 'daily', 'follow', '선팔맞팔', '좋아요반사']",lovely_yubin1025_12.png,77
lovely_yubin1025,724,322,2021-05-06,02:56:58,1,0,"['54개월아기', '원숭이띠아기', '개심사', '왕벚꽃', '사람많음', '오늘을', '즐겨라', '해피해피', '굿', '또하나의추억', '일상행복', '일상기록', '엄빠는', '아들바보', '행복한세가족', '아들맘', '도치부부그램', '간지베이비', '잘생긴아들램', '뽀시래기유빈', '세젤귀', '내꺼중에최고', 'baby', 'ootd', 'daily', 'follow', '선팔맞팔', '좋아요반사']",lovely_yubin1025_13.png,57
lovely_yubin1025,724,322,2021-05-06,02:29:21,0,0,"['54개월아기', '원숭이띠아기', '어린이날', '유빈이세상', '오늘을', '즐겨라', '해피해피', '굿', '또하나의추억', '일상행복', '일상기록', '엄빠는', '아들바보', '행복한세가족', '아들맘', '도치부부그램', '간지베이비', '잘생긴아들램', '뽀시래기유빈', '세젤귀', '내꺼중에최고', 'baby', 'ootd', 'daily', 'follow', '선팔맞팔', '좋아요반사']",lovely_yubin1025_14.png,43
lovely_yubin1025,724,322,2021-04-25,21:32:00,1,0,"['53개월아기', '원숭이띠아기', '내포보부상촌', '내포', '가족나들이', '무지개솜사탕', '굿', '또하나의추억', '일상행복', '일상기록', '엄빠는', '아들바보', '행복한세가족', '아들맘', '도치부부그램', '간지베이비', '잘생긴아들램', '뽀시래기유빈', '세젤귀', '내꺼중에최고', 'baby', 'ootd', 'daily', 'follow', '선팔맞팔', '좋아요반사']",lovely_yubin1025_15.png,73
lovely_yubin1025,724,322,2021-04-25,21:18:50,1,0,"['53개월아기', '원숭이띠아기', '내포', '내포보부상촌', '가족나들이', '날씨도굿', '기분도좋고', '또하나의추억', '일상행복', '일상기록', '엄빠는', '아들바보', '행복한세가족', '아들맘', '도치부부그램', '간지베이비', '잘생긴아들램', '뽀시래기유빈', '세젤귀', '내꺼중에최고', 'baby', 'ootd', 'daily', 'follow', '선팔맞팔', '좋아요반사']",lovely_yubin1025_16.png,68
k_c__w01,1128,131,2021-06-06,22:04:05,0,0,"['일상', 'daily', '좋반테러', '인친', 'ootd', '선팔하면맞팔', '좋아요반사', '셀카', '대학생', '01년생', '셀기꾼', '좋반', '데일리', '맞팔', '선팔', 'fff', '럽스타그램', 'likeforlikes', '21살', '01', '훈녀', '오늘의훈녀', '첫줄반사', '오늘의훈남', '훈남', '맞팔해요', '인친해요', '디뮤지엄', '거울샷']",k_c__w01_5.png,253
k_c__w01,1128,131,2021-06-03,20:02:49,0,0,"['일상', 'daily', '좋반테러', '인친', 'ootd', '선팔하면맞팔', '좋아요반사', '셀카', '대학생', '01년생', '셀기꾼', '좋반', '데일리', '맞팔', '선팔', 'fff', '럽스타그램', 'likeforlikes', '21살', '01', '훈녀', '오늘의훈녀', '첫줄반사', '오늘의훈남', '훈남', '맞팔해요', '인친해요', '디뮤지엄', '거울샷']",k_c__w01_6.png,292
k_c__w01,1128,131,2021-06-01,19:00:07,0,0,"['대학생', '01', '21', '학생', '오늘의훈남', '훈남', '좋아요반사', '좋반', '셀카', '셀피', '셀스타그램', '얼스타그램', '페이스위너', '선팔', 'korean', 'koreanboy', 'koreanboys', 'korea', 'boy', 'boys', 'asianboy', 'selfie', 'selca', 'ootd', 'l4l', 'f4f', 'fff', 'ulzzang', 'ulzzangboy']",k_c__w01_7.png,270
k_c__w01,1128,131,2021-05-30,21:03:33,0,0,"['일상', 'daily', '좋반테러', '인친', 'ootd', '선팔하면맞팔', '좋아요반사', '셀카', '대학생', '01년생', '셀기꾼', '좋반', '데일리', '맞팔', '선팔', 'fff', '럽스타그램', 'likeforlikes', '21살', '01', '훈녀', '오늘의훈녀', '첫줄반사', '오늘의훈남', '훈남', '맞팔해요', '인친해요', '디뮤지엄', '거울샷']",k_c__w01_8.png,227
k_c__w01,1128,131,2021-05-30,15:06:42,0,0,"['일상', 'daily', '좋반테러', '인친', 'ootd', '선팔하면맞팔', '좋아요반사', '셀카', '대학생', '01년생', '셀기꾼', '좋반', '데일리', '맞팔', '선팔', 'fff', '럽스타그램', 'likeforlikes', '21살', '01', '훈녀', '오늘의훈녀', '첫줄반사', '오늘의훈남', '훈남', '맞팔해요', '인친해요', '디뮤지엄', '거울샷']",k_c__w01_9.png,265
k_c__w01,1128,131,2021-05-27,18:52:46,0,0,"['언팔해요', '일상', 'daily', '좋반테러', '인친', 'ootd', '선팔하면맞팔', '좋아요반사', '셀카', '대학생', '01년생', '셀기꾼', '좋반', '데일리', '맞팔', '선팔', 'fff', '럽스타그램', 'likeforlikes', '21살', '01', '훈녀', '오늘의훈녀', '첫줄반사', '오늘의훈남', '훈남', '맞팔해요', '인친해요', '디뮤지엄', '거울샷']",k_c__w01_10.png,249
k_c__w01,1128,131,2021-05-25,19:44:57,0,0,"['일상', 'daily', '좋반테러', '인친', 'ootd', '선팔하면맞팔', '좋아요반사', '셀카', '대학생', '01년생', '셀기꾼', '좋반', '데일리', '맞팔', '선팔', 'fff', '럽스타그램', 'likeforlikes', '21살', '01', '훈녀', '오늘의훈녀', '첫줄반사', '오늘의훈남', '훈남', '맞팔해요', '인친해요', '디뮤지엄', '거울샷']",k_c__w01_11.png,267
k_c__w01,1128,131,2021-05-23,19:34:46,0,0,"['일상', 'daily', '좋반테러', '인친', 'ootd', '선팔하면맞팔', '좋아요반사', '셀카', '대학생', '01년생', '셀기꾼', '좋반', '데일리', '맞팔', '선팔', 'fff', '럽스타그램', 'likeforlikes', '21살', '01', '훈녀', '오늘의훈녀', '첫줄반사', '오늘의훈남', '훈남', '맞팔해요', '인친해요', '디뮤지엄', '거울샷']",k_c__w01_12.png,269
k_c__w01,1128,131,2021-05-21,23:41:00,0,0,"['21', '첫줄', '선팔', '맞팔', '선팔하면맞팔', '협찬', '인친', '소통', '일상', '좋아요', '좋아요반사', '좋반', '인스타그램', '일상스타그램', 'instagood', 'interiordesign', 'instagramhud', 'instagramers', 'instagram', 'instalike', 'follower', 'followers', 'likeforfollow']",k_c__w01_13.png,213
k_c__w01,1128,131,2021-05-20,18:49:50,1,0,"['일상', 'daily', '좋반테러', '인친', 'ootd', '선팔하면맞팔', '좋아요반사', '셀카', '대학생', '01년생', '셀기꾼', '좋반', '데일리', '맞팔', '선팔', 'fff', '럽스타그램', 'likeforlikes', '21살', '01', '훈녀', '오늘의훈녀', '첫줄반사', '오늘의훈남', '훈남', '맞팔해요', '인친해요', '디뮤지엄', '거울샷']",k_c__w01_14.png,301
k_c__w01,1128,131,2021-05-12,17:18:16,0,0,"['일상', 'daily', '좋반테러', '인친', 'ootd', '선팔하면맞팔', '좋아요반사', '셀카', '대학생', '01년생', '셀기꾼', '좋반', '데일리', '맞팔', '선팔', 'fff', '럽스타그램', 'likeforlikes', '21살', '01', '훈녀', '오늘의훈녀', '첫줄반사', '오늘의훈남', '훈남', '맞팔해요', '인친해요', '디뮤지엄', '거울샷']",k_c__w01_16.png,220
j__jh03,1256,334,2021-06-05,19:30:20,0,0,"['02', '18', 'l4l', 'follow', 'follow4follow', 'likeforlikes', 'likeforfollow', 'insta']",j__jh03_6.png,170
j__jh03,1256,334,2021-05-29,23:24:47,1,0,"['02', '18', 'l4l', 'follow', 'follow4follow', 'likeforlikes', 'likeforfollow', 'insta']",j__jh03_8.png,232
j__jh03,1256,334,2021-05-27,23:17:41,0,0,"['02', '18', '03년생', '03', '19살', '04년생', '04', '고딩', '남고딩', '디엠', '디엠환영', '데일리', '19살', '협찬문의', '일상', '좋아요', '팔로우', 'l4l', 'follow', 'follow4follow', 'likeforlikes', 'likeforfollow', 'insta']",j__jh03_9.png,279
j__jh03,1256,334,2021-05-13,19:13:46,0,0,"['02', '18', '03년생', '03', '19살', '04년생', '04', '고딩', '남고딩', '디엠', '디엠환영', '데일리', '19살', '협찬문의', '일상', '좋아요', '팔로우', 'l4l', 'follow', 'follow4follow', 'likeforlikes', 'likeforfollow', 'insta']",j__jh03_10.png,237
j__jh03,1256,334,2021-05-08,18:46:06,0,0,"['02', '18', '03년생', '03', '19살', '04년생', '04', '고딩', '남고딩', '디엠', '디엠환영', '데일리', '19살', '협찬문의', '일상', '좋아요', '팔로우', 'l4l', 'follow', 'follow4follow', 'likeforlikes', 'likeforfollow', 'insta']",j__jh03_11.png,248
j__jh03,1256,334,2021-04-27,18:45:40,0,0,"['02', '18', '03년생', '03', '19살', '04년생', '04', '고딩', '남고딩', '디엠', '디엠환영', '데일리', '19살', '협찬문의', '일상', '좋아요', '팔로우', 'l4l', 'follow', 'follow4follow', 'likeforlikes', 'likeforfollow', 'insta']",j__jh03_12.png,311
j__jh03,1256,334,2021-04-23,23:00:50,0,0,"['02', '18', '03년생', '03', '19살', '04년생', '04', '고딩', '남고딩', '디엠', '디엠환영', '데일리', '19살', '협찬문의', '일상', '좋아요', '팔로우', 'l4l', 'follow', 'follow4follow', 'likeforlikes', 'likeforfollow', 'insta']",j__jh03_14.png,368
j__jh03,1256,334,2021-03-24,21:42:19,0,0,"['02', '18', '03년생', '03', '19살', '04년생', '04', '고딩', '남고딩', '디엠', '디엠환영', '데일리', '19살', '협찬문의', '일상', '좋아요', '팔로우', 'l4l', 'follow', 'follow4follow', 'likeforlikes', 'likeforfollow', 'insta']",j__jh03_15.png,352
kitty_yeojin,717,369,2021-05-19,00:54:16,0,0,"['팔로워', '맞팔', '선팔하면맞팔', '맞팔선팔', '팔로우', '팔로어', '팔로우', '팔로잉', '맞팔해요', '맞팔고', '맞팔좋아요', '맞팔반사', 'likeforfollow', 'follow4follow', 'likesforlike', 'followback', 'f4f', 'f4follow', 'f4ff', 'follow', 'followme', '선팔', '좋아요', '좋아요반사', '좋반', '소통', 'likefor']",kitty_yeojin_4.png,127
kitty_yeojin,717,369,2021-05-17,21:52:00,1,0,"['팔로워', '맞팔', '선팔하면맞팔', '맞팔선팔', '팔로우', '팔로어', '팔로우', '팔로잉', '맞팔해요', '맞팔고', '맞팔좋아요', '맞팔반사', 'likeforfollow', 'follow4follow', 'likesforlike', 'followback', 'f4f', 'f4follow', 'f4ff', 'follow', 'followme', '선팔', '좋아요', '좋아요반사', '좋반', '소통', 'likefor']",kitty_yeojin_5.png,172
kitty_yeojin,717,369,2021-05-15,18:48:02,1,1,"['타로', '삼산', '운세', '팔로워', '맞팔', '선팔하면맞팔', '맞팔선팔', '팔로우', '팔로어', '팔로우', '팔로잉', '맞팔해요', '맞팔고', '맞팔좋아요', '맞팔반사', 'likeforfollow', 'follow4follow', 'likesforlike', 'followback', 'f4f', 'f4follow', 'f4ff', 'follow', 'followme', '선팔', '좋아요', '좋아요반사', '좋반', '소통', 'likefor', '타로', '운세', '타로점']",kitty_yeojin_6.png,85
kitty_yeojin,717,369,2021-04-17,22:21:36,0,0,"['좋아요테러', '좋아요반사', '팔로우', '맞팔환영', '맞팔', '선팔하면맞팔', '선팔맞팔', '좋아요테러', '좋반', '좋아요', '좋아요반사', '팔로우', '맞팔환영', '맞팔해요', '선팔하면맞팔', '선팔', 'follow4like', 'fff', 'followforfollowback', 'likeforlikes', 'like4follow', 'l4f', 'f4f', 'l4l', 'ootd', '다렉', '좋아요테러', '좋아요반사', '팔로우', '맞팔환영', '맞팔', '선팔하면맞팔', '선팔맞팔', '좋아요테러', '좋반', '좋아요', '좋아요반사', '팔로우', '맞팔환영', '맞팔해요', '선팔하면맞팔', '선팔', 'follow4like', 'fff', 'kbeauty', 'followforfollowback', 'likeforlikes', 'like4follow', 'l4f', 'f4f', 'l4l', 'ootd', '다렉']",kitty_yeojin_9.png,125
xxlixxhx,231,139,2021-04-01,20:52:08,0,1,"['누물사', '누구물어본사람', '누궁사', '누구궁금한사람', '그손그대로', '자기뺨내리쳐', '투머치인포', 'TMI', '안물안궁', '안물어봤음', '안궁금함', '누가물어봤냐', '물어본사람', '아봉', '아가리봉인', '누물사', '누구물어본사람', '누궁사', '누구궁금한사람', '그손그대로', '자기뺨내리쳐', '투머치인포', 'TMI', '안물안궁', '안물어봤음', '안궁금함', '누가물어봤냐']",xxlixxhx_8.png,98
xxlixxhx,231,139,2021-04-01,20:19:43,0,1,"['누물사', '누구물어본사람', '누궁사', '누구궁금한사람', '그손그대로', '자기뺨내리쳐', '투머치인포', 'TMI', '안물안궁', '안물어봤음', '안궁금함', '누가물어봤냐', '물어본사람', '아봉', '아가리봉인', '누물사', '누구물어본사람', '누궁사', '누구궁금한사람', '그손그대로', '자기뺨내리쳐', '투머치인포', 'TMI', '안물안궁', '안물어봤음', '안궁금함', '누가물어봤냐']",xxlixxhx_9.png,125
imgrace_._._._._._._,748,184,2021-05-07,21:13:51,1,0,"['좋아요테러', '좋아요반사', '팔로우', '맞팔환영', '맞팔', '선팔하면맞팔', '선팔맞팔', '좋아요테러', '좋반', '좋아요', '좋아요반사', '팔로우', '맞팔환영', '맞팔해요', '선팔하면맞팔', '선팔', 'follow4like', 'fff', 'followforfollowback', 'likeforlikes', 'like4follow', 'l4f', 'f4f', 'l4l', 'ootd', '다렉', '좋아요테러', '좋아요반사', '팔로우', '맞팔환영', '맞팔', '선팔하면맞팔', '선팔맞팔', '좋아요테러', '좋반', '좋아요', '좋아요반사', '팔로우', '맞팔환영', '맞팔해요', '선팔하면맞팔', '선팔', 'follow4like', 'fff', 'followforfollowback', 'likeforlikes', 'like4follow', 'l4f', 'f4f', 'l4l', 'ootd', '다렉']",imgrace_._._._._._.__10.png,275
wonder._.sujin,918,148,2021-06-09,19:11:08,0,0,"['좋반테러', 'ulzzang', '좋테', '좋반', '팔로우', '좋아요', '선팔하면맞팔가요', '선팔환영', '맞팔', '팔로워늘리기', '좋아요반사', 'instagood', 'instadaily', 'ootd', 'likeforlikes', 'like4follow', 'followforfollowback', 'follow', 'followforlike', 'follow4followback', 'likeforfollow', 'like4likes', 'likeforlikeback', 'f4f', 'lfl']",wonder._.sujin_4.png,171
wonder._.sujin,918,148,2021-06-05,14:17:02,0,0,"['좋반테러', 'ulzzang', '좋테', '좋반', '팔로우', '좋아요', '선팔하면맞팔가요', '선팔환영', '맞팔', '팔로워늘리기', '좋아요반사', 'instagood', 'instadaily', 'ootd', 'likeforlikes', 'like4follow', 'followforfollowback', 'follow', 'followforlike', 'follow4followback', 'likeforfollow', 'like4likes', 'likeforlikeback', 'f4f', 'lfl']",wonder._.sujin_5.png,250
wonder._.sujin,918,148,2021-06-03,04:02:49,0,0,"['좋반테러', 'ulzzang', '좋테', '좋반', '팔로우', '좋아요', '선팔하면맞팔가요', '선팔환영', '맞팔', '팔로워늘리기', '좋아요반사', 'instagood', 'instadaily', 'ootd', 'likeforlikes', 'like4follow', 'followforfollowback', 'follow', 'followforlike', 'follow4followback', 'likeforfollow', 'like4likes', 'likeforlikeback', 'f4f', 'lfl']",wonder._.sujin_6.png,165
wonder._.sujin,918,148,2021-05-27,14:58:48,0,0,"['좋반테러', 'ulzzang', '좋테', '좋반', '팔로우', '좋아요', '선팔하면맞팔가요', '선팔환영', '맞팔', '팔로워늘리기', '좋아요반사', 'instagood', 'instadaily', 'ootd', 'likeforlikes', 'like4follow', 'followforfollowback', 'follow', 'followforlike', 'follow4followback', 'likeforfollow', 'like4likes', 'likeforlikeback', 'f4f', 'lfl']",wonder._.sujin_7.png,174
wonder._.sujin,918,148,2021-05-15,19:14:46,0,0,['더티트렁크'],wonder._.sujin_8.png,144
wonder._.sujin,918,148,2021-05-13,18:32:34,0,0,"['좋반테러', 'ulzzang', '좋테', '좋반', '팔로우', '좋아요', '선팔하면맞팔가요', '선팔환영', '맞팔', '팔로워늘리기', '좋아요반사', 'instagood', 'instadaily', 'ootd', 'likeforlikes', 'like4follow', 'followforfollowback', 'follow', 'followforlike', 'follow4followback', 'likeforfollow', 'like4likes', 'likeforlikeback', 'f4f', 'lfl']",wonder._.sujin_9.png,179
wonder._.sujin,918,148,2021-05-11,20:57:31,0,0,"['좋반테러', 'ulzzang', '좋테', '좋반', '팔로우', '좋아요', '선팔하면맞팔가요', '선팔환영', '맞팔', '팔로워늘리기', '좋아요반사', 'instagood', 'instadaily', 'ootd', 'likeforlikes', 'like4follow', 'followforfollowback', 'follow', 'followforlike', 'follow4followback', 'likeforfollow', 'like4likes', 'likeforlikeback', 'f4f', 'lfl']",wonder._.sujin_10.png,232
wonder._.sujin,918,148,2021-05-11,16:34:23,1,0,"['좋반테러', 'ulzzang', '좋테', '좋반', '팔로우', '좋아요', '선팔하면맞팔가요', '선팔환영', '맞팔', '팔로워늘리기', '좋아요반사', 'instagood', 'instadaily', 'ootd', 'likeforlikes', 'like4follow', 'followforfollowback', 'follow', 'followforlike', 'follow4followback', 'likeforfollow', 'like4likes', 'likeforlikeback', 'f4f', 'lfl']",wonder._.sujin_11.png,412
04_20,918,263,2021-06-04,19:17:03,0,1,"['follow4like', 'fff', 'followforfollowback', 'likeforlikes', 'like4follow', 'l4f', 'f4f', 'l4l', 'ootd', 'follow4like', 'fff', 'followforfollowback', 'likeforlikes', 'like4follow', 'l4f', 'f4f', 'l4l', 'ootd']",04_20_5.png,50
04_20,918,263,2021-06-04,19:15:59,0,0,"['follow4like', 'fff', 'followforfollowback', 'likeforlikes', 'like4follow', 'l4f', 'f4f', 'l4l', 'ootd', 'follow4like', 'fff', 'followforfollowback', 'likeforlikes', 'like4follow', 'l4f', 'f4f', 'l4l', 'ootd']",04_20_6.png,71
04_20,918,263,2021-06-04,19:15:09,0,0,"['follow4like', 'fff', 'followforfollowback', 'likeforlikes', 'like4follow', 'l4f', 'f4f', 'l4l', 'ootd', 'follow4like', 'fff', 'followforfollowback', 'likeforlikes', 'like4follow', 'l4f', 'f4f', 'l4l', 'ootd']",04_20_7.png,83
04_20,918,263,2021-05-30,21:23:16,0,0,"['follow4like', 'fff', 'followforfollowback', 'likeforlikes', 'like4follow', 'l4f', 'f4f', 'l4l', 'ootd', 'follow4like', 'fff', 'followforfollowback', 'likeforlikes', 'like4follow', 'l4f', 'f4f', 'l4l', 'ootd']",04_20_8.png,98
04_20,918,263,2021-05-30,21:22:24,0,0,"['follow4like', 'fff', 'followforfollowback', 'likeforlikes', 'like4follow', 'l4f', 'f4f', 'l4l', 'ootd', 'follow4like', 'fff', 'followforfollowback', 'likeforlikes', 'like4follow', 'l4f', 'f4f', 'l4l', 'ootd']",04_20_9.png,88
04_20,918,263,2021-05-30,21:21:50,0,0,"['follow4like', 'fff', 'followforfollowback', 'likeforlikes', 'like4follow', 'l4f', 'f4f', 'l4l', 'ootd', 'follow4like', 'fff', 'followforfollowback', 'likeforlikes', 'like4follow', 'l4f', 'f4f', 'l4l', 'ootd']",04_20_10.png,106
04_20,918,263,2021-05-24,23:19:32,0,0,['줄맞추기'],04_20_11.png,25
04_20,918,263,2021-05-24,21:44:41,0,1,"['follow4like', 'fff', 'followforfollowback', 'likeforlikes', 'like4follow', 'l4f', 'f4f', 'l4l', 'ootd', 'follow4like', 'fff', 'followforfollowback', 'likeforlikes', 'like4follow', 'l4f', 'f4f', 'l4l', 'ootd']",04_20_12.png,101
04_20,918,263,2021-05-24,21:43:36,0,0,"['멍그라운드', 'follow4like', 'fff', 'followforfollowback', 'likeforlikes', 'like4follow', 'l4f', 'f4f', 'l4l', 'ootd', 'follow4like', 'fff', 'followforfollowback', 'likeforlikes', 'like4follow', 'l4f', 'f4f', 'l4l', 'ootd']",04_20_13.png,83
04_20,918,263,2021-05-19,15:43:22,0,0,"['follow4like', 'fff', 'followforfollowback', 'likeforlikes', 'like4follow', 'l4f', 'f4f', 'l4l', 'ootd', 'follow4like', 'fff', 'followforfollowback', 'likeforlikes', 'like4follow', 'l4f', 'f4f', 'l4l', 'ootd']",04_20_14.png,91
04_20,918,263,2021-05-19,15:42:38,0,0,"['follow4like', 'fff', 'followforfollowback', 'likeforlikes', 'like4follow', 'l4f', 'f4f', 'l4l', 'ootd', 'follow4like', 'fff', 'followforfollowback', 'likeforlikes', 'like4follow', 'l4f', 'f4f', 'l4l', 'ootd']",04_20_15.png,97
duxxdl,822,223,2021-05-29,19:48:06,0,0,['like4likes'],duxxdl_7.png,647
lljhykk,1944,60,2021-05-24,21:42:19,1,0,"['선팔', '맞팔', '선팔하면맞팔', '맞팔해요', '좋아요', '좋아요반사', '좋반', '좋튀', '좋아요테러', '03', '19', '청주', '일상', '일상스타그램', '데일리', '데일리룩', '패션', '소통', '오오티디', 'instagood', 'instadaily', 'likeforlikes', 'likeforfollow', 'fff', 'f4f', 'l4l', 'photooftheday', 'ootd']",lljhykk_9.png,352
onceday____,307,118,2021-06-07,10:45:51,1,0,"['follow4like', 'fff', 'followforfollowback', 'likeforlikes', 'like4follow', 'l4f', 'f4f', 'l4l', 'ootd', '다렉', '좋아요테러', '좋아요반사', '팔로우', '맞팔환영', '맞팔', '선팔하면맞팔', '선팔맞팔', '좋아요테러', '좋반', '좋아요', '좋아요반사', '팔로우', '맞팔환영', '맞팔해요', '선팔하면맞팔', '선팔']",onceday_____4.png,321
onceday____,307,118,2021-06-05,23:18:52,1,0,"['follow4like', 'fff', 'followforfollowback', 'likeforlikes', 'like4follow', 'l4f', 'f4f', 'l4l', 'ootd', '다렉', '좋아요테러', '좋아요반사', '팔로우', '맞팔환영', '맞팔', '선팔하면맞팔', '선팔맞팔', '좋아요테러', '좋반', '좋아요', '좋아요반사', '팔로우', '맞팔환영', '맞팔해요', '선팔하면맞팔', '선팔']",onceday_____5.png,398
onceday____,307,118,2021-06-05,22:24:40,1,0,"['follow4like', 'fff', 'followforfollowback', 'likeforlikes', 'like4follow', 'l4f', 'f4f', 'l4l', 'ootd', '다렉', '좋아요테러', '좋아요반사', '팔로우', '맞팔환영', '맞팔', '선팔하면맞팔', '선팔맞팔', '좋아요테러', '좋반', '좋아요', '좋아요반사', '팔로우', '맞팔환영', '맞팔해요', '선팔하면맞팔', '선팔']",onceday_____6.png,421
onceday____,307,118,2021-06-02,14:55:46,1,0,"['follow4like', 'fff', 'followforfollowback', 'likeforlikes', 'like4follow', 'l4f', 'f4f', 'l4l', 'ootd', '다렉', '좋아요테러', '좋아요반사', '팔로우', '맞팔환영', '맞팔', '선팔하면맞팔', '선팔맞팔', '좋아요테러', '좋반', '좋아요', '좋아요반사', '팔로우', '맞팔환영', '맞팔해요', '선팔하면맞팔', '선팔']",onceday_____9.png,396
onceday____,307,118,2021-05-26,17:54:34,1,0,"['follow4like', 'fff', 'followforfollowback', 'likeforlikes', 'like4follow', 'l4f', 'f4f', 'l4l', 'ootd', '다렉', '좋아요테러', '좋아요반사', '팔로우', '맞팔환영', '맞팔', '선팔하면맞팔', '선팔맞팔', '좋아요테러', '좋반', '좋아요', '좋아요반사', '팔로우', '맞팔환영', '맞팔해요', '선팔하면맞팔', '선팔']",onceday_____10.png,438
onceday____,307,118,2021-05-23,13:05:04,1,0,"['follow4like', 'fff', 'followforfollowback', 'likeforlikes', 'like4follow', 'l4f', 'f4f', 'l4l', 'ootd', '다렉', '좋아요테러', '좋아요반사', '팔로우', '맞팔환영', '맞팔', '선팔하면맞팔', '선팔맞팔', '좋아요테러', '좋반', '좋아요', '좋아요반사', '팔로우', '맞팔환영', '맞팔해요', '선팔하면맞팔', '선팔']",onceday_____11.png,457
onceday____,307,118,2021-05-21,21:13:19,1,0,"['follow4like', 'fff', 'followforfollowback', 'likeforlikes', 'like4follow', 'l4f', 'f4f', 'l4l', 'ootd', '다렉', '좋아요테러', '좋아요반사', '팔로우', '맞팔환영', '맞팔', '선팔하면맞팔', '선팔맞팔', '좋아요테러', '좋반', '좋아요', '좋아요반사', '팔로우', '맞팔환영', '맞팔해요', '선팔하면맞팔', '선팔']",onceday_____12.png,402
onceday____,307,118,2021-05-09,18:53:46,1,0,"['follow4like', 'fff', 'followforfollowback', 'likeforlikes', 'like4follow', 'l4f', 'f4f', 'l4l', 'ootd', '다렉', '좋아요테러', '좋아요반사', '팔로우', '맞팔환영', '맞팔', '선팔하면맞팔', '선팔맞팔', '좋아요테러', '좋반', '좋아요', '좋아요반사', '팔로우', '맞팔환영', '맞팔해요', '선팔하면맞팔', '선팔']",onceday_____13.png,403
onceday____,307,118,2021-05-07,11:47:07,1,0,"['follow4like', 'fff', 'followforfollowback', 'likeforlikes', 'like4follow', 'l4f', 'f4f', 'l4l', 'ootd', '다렉', '좋아요테러', '좋아요반사', '팔로우', '맞팔환영', '맞팔', '선팔하면맞팔', '선팔맞팔', '좋아요테러', '좋반', '좋아요', '좋아요반사', '팔로우', '맞팔환영', '맞팔해요', '선팔하면맞팔', '선팔']",onceday_____14.png,414
onceday____,307,118,2021-05-06,21:55:53,1,0,"['follow4like', 'fff', 'followforfollowback', 'likeforlikes', 'like4follow', 'l4f', 'f4f', 'l4l', 'ootd', '다렉', '좋아요테러', '좋아요반사', '팔로우', '맞팔환영', '맞팔', '선팔하면맞팔', '선팔맞팔', '좋아요테러', '좋반', '좋아요', '좋아요반사', '팔로우', '맞팔환영', '맞팔해요', '선팔하면맞팔', '선팔']",onceday_____15.png,450
onceday____,307,118,2021-05-06,00:10:34,1,0,"['follow4like', 'fff', 'followforfollowback', 'likeforlikes', 'like4follow', 'l4f', 'f4f', 'l4l', 'ootd', '다렉', '좋아요테러', '좋아요반사', '팔로우', '맞팔환영', '맞팔', '선팔하면맞팔', '선팔맞팔', '좋아요테러', '좋반', '좋아요', '좋아요반사', '팔로우', '맞팔환영', '맞팔해요', '선팔하면맞팔', '선팔']",onceday_____16.png,433
rlagpwls6303,2019,167,2021-06-05,22:10:24,0,0,"['follow4like', 'fff', 'followforfollowback', 'likeforlikes', 'like4follow', 'l4f', 'f4f', 'l4l', 'ootd', 'follow4like', 'fff', 'followforfollowback', 'likeforlikes', 'like4follow', 'l4f', 'f4f', 'l4l', 'ootd', '사진', '카페', '일상']",rlagpwls6303_3.png,258
rlagpwls6303,2019,167,2021-06-05,20:19:47,1,0,"['follow4like', 'fff', 'followforfollowback', 'likeforlikes', 'like4follow', 'l4f', 'f4f', 'l4l', 'ootd', 'follow4like', 'fff', 'followforfollowback', 'likeforlikes', 'like4follow', 'l4f', 'f4f', 'l4l', 'ootd', '데일리', '데일리룩', '일상']",rlagpwls6303_4.png,288
rlagpwls6303,2019,167,2021-05-29,22:50:02,1,0,"['follow4like', 'fff', 'followforfollowback', 'likeforlikes', 'like4follow', 'l4f', 'f4f', 'l4l', 'ootd', 'follow4like', 'fff', 'followforfollowback', 'likeforlikes', 'like4follow', 'l4f', 'f4f', 'l4l', 'ootd', '친구', '카페', '데일리']",rlagpwls6303_5.png,331
rlagpwls6303,2019,167,2021-05-29,22:35:28,1,0,"['follow4like', 'fff', 'followforfollowback', 'likeforlikes', 'like4follow', 'l4f', 'f4f', 'l4l', 'ootd', 'follow4like', 'fff', 'followforfollowback', 'likeforlikes', 'like4follow', 'l4f', 'f4f', 'l4l', 'ootd', '일상', '카페', '사진']",rlagpwls6303_6.png,350
rlagpwls6303,2019,167,2021-05-27,16:45:53,1,0,"['follow4like', 'fff', 'followforfollowback', 'likeforlikes', 'like4follow', 'l4f', 'f4f', 'l4l', 'ootd', 'follow4like', 'fff', 'followforfollowback', 'likeforlikes', 'like4follow', 'l4f', 'f4f', 'l4l', 'ootd', '친구', '일상', '사진']",rlagpwls6303_7.png,348
rlagpwls6303,2019,167,2021-05-25,22:35:47,1,0,"['follow4like', 'fff', 'followforfollowback', 'likeforlikes', 'like4follow', 'l4f', 'f4f', 'l4l', 'ootd', 'follow4like', 'fff', 'followforfollowback', 'likeforlikes', 'like4follow', 'l4f', 'f4f', 'l4l', 'ootd', '카페', '사진', '데일리']",rlagpwls6303_8.png,374
rlagpwls6303,2019,167,2021-05-03,18:47:52,1,0,"['follow4like', 'fff', 'followforfollowback', 'likeforlikes', 'like4follow', 'l4f', 'f4f', 'l4l', 'ootd', 'follow4like', 'fff', 'followforfollowback', 'likeforlikes', 'like4follow', 'l4f', 'f4f', 'l4l', 'ootd', '분위기', '데일리', '데일리룩']",rlagpwls6303_9.png,474
rlagpwls6303,2019,167,2021-05-01,19:11:28,1,0,"['follow4like', 'fff', 'followforfollowback', 'likeforlikes', 'like4follow', 'l4f', 'f4f', 'l4l', 'ootd', 'follow4like', 'fff', 'followforfollowback', 'likeforlikes', 'like4follow', 'l4f', 'f4f', 'l4l', 'ootd', '타투', '일상', '오오티디']",rlagpwls6303_10.png,486
rlagpwls6303,2019,167,2021-04-30,23:52:22,0,0,"['follow4like', 'fff', 'followforfollowback', 'likeforlikes', 'like4follow', 'l4f', 'f4f', 'l4l', 'ootd', 'follow4like', 'fff', 'followforfollowback', 'likeforlikes', 'like4follow', 'l4f', 'f4f', 'l4l', 'ootd', '데일리', '데일리룩', '일상']",rlagpwls6303_11.png,474
rlagpwls6303,2019,167,2021-04-21,23:16:45,1,0,"['follow4like', 'fff', 'followforfollowback', 'likeforlikes', 'like4follow', 'l4f', 'f4f', 'l4l', 'ootd', 'follow4like', 'fff', 'followforfollowback', 'likeforlikes', 'like4follow', 'l4f', 'f4f', 'l4l', 'ootd', '친구', '일상', '일상스타그램']",rlagpwls6303_12.png,543
rlagpwls6303,2019,167,2021-04-18,17:53:44,1,0,"['follow4like', 'fff', 'followforfollowback', 'likeforlikes', 'like4follow', 'l4f', 'f4f', 'l4l', 'ootd', 'follow4like', 'fff', 'followforfollowback', 'likeforlikes', 'like4follow', 'l4f', 'f4f', 'l4l', 'ootd', '사진', '카페', '일상스타그램']",rlagpwls6303_13.png,523
b_row_ni_e,239,236,2021-05-22,16:29:25,0,0,"['브댕그램', '브라우니', '댕댕이', '댕댕이그램', '멍멍이', '멍스타그램', '멍팔', '강아지', 'dogstagram', 'fff', 'likeforlikes', 'schnauzer', '슈나우저', '반려견그램', '반려견', '좋아요', '좋반', '좋아요반사']",b_row_ni_e_3.png,33
b_row_ni_e,239,236,2021-05-22,16:25:09,0,0,"['브댕그램', '브라우니', '멍멍이', '멍스타그램', '댕댕이', '댕댕이그램', '강아지', '반려견그램', '반려견', '슈나우저', 'schnauzer', '쁘니', '좋아요', '좋반', '좋아요반사', 'likeforlikes', 'dogstagram', 'dog', 'puppy']",b_row_ni_e_4.png,35
b_row_ni_e,239,236,2021-04-26,20:11:02,0,0,"['브댕그램', '브라우니', '멍멍이', '멍스타그램', '댕댕이', '댕댕이그램', '댕댕이일상', '슈나우저', 'schnauzer', '일상', 'daily', 'dogstagram', '반려견그램', '반려견', '좋아요', '좋반', '좋아요반사', 'brownie', 'fff']",b_row_ni_e_5.png,35
b_row_ni_e,239,236,2021-04-25,19:55:22,1,0,"['브댕그램', '브라우니', '멍멍이', '멍스타그램', '슈나우저', 'schnauzer', '공원', '나들이', '산책', '반려견그램', '반려견', 'dogstagram', 'pet', '좋아요', '좋반', '좋아요반사']",b_row_ni_e_6.png,31
b_row_ni_e,239,236,2021-04-04,20:50:27,1,1,"['벚꽃놀이', '벚꽃', '의왕시청', '브라우니', '브댕그램', '멍멍이', '멍스타그램', '댕댕이', '댕댕이그램', '강아지', '반려견', '반려견그램', 'l4l', '인생샷', '벚꽃명소', '의왕', '야경', '좋반', '좋아요반사']",b_row_ni_e_7.png,35
b_row_ni_e,239,236,2021-04-02,22:14:02,1,0,"['벚꽃놀이', '브댕그램', '브라우니', '멍멍이', '강아지', '반려견그램', '반려견', '슈나우저', 'schnauzer', '벚꽃', '견스타그램', 'dogstagram', 'l4l', '좋아요반사']",b_row_ni_e_8.png,34
b_row_ni_e,239,236,2021-03-26,19:15:46,0,1,"['브댕그램', '브라우니', '댕댕이', '댕댕이그램', '멍멍이', '멍스타그램', '강아지', '반려견그램', '반려견', '슈나우저', 'schnauzer', '셀카', 'selfie', 'selca', 'selstagram', 'schnauzer', '셀피', '좋아요', '좋반', '좋아요반사']",b_row_ni_e_10.png,37
b_row_ni_e,239,236,2021-03-25,20:55:31,0,0,"['댕청이', '댕댕이그램', '강아지', '반려견그램', '반려견', '멍멍이', '멍스타그램', '슈나우저', 'schnauzer', '브댕그램', '브라우니', 'likeforlikes', 'brownie', '좋아요', '좋반']",b_row_ni_e_11.png,36
xogmdll_,2515,994,2021-05-24,23:00:16,1,2,"['사운즈라이프', 'soundslife', '제품협찬', '캐주얼룩', '시티보이', '시티보이룩', '좋아요', '좋반', '좋반테러', '좋반환영', '좋아요반사']",xogmdll__5.png,569
xogmdll_,2515,994,2021-05-19,19:14:08,0,1,"['나이스고스트클럽', 'niceghostclub', '티셔츠', '티셔츠코디', '캐주얼룩', '스트릿룩', '놈코어룩', '좋아요', '좋반', '좋반테러', '좋반환영', '좋반사', '좋아요반사']",xogmdll__6.png,375
xogmdll_,2515,994,2021-05-03,19:20:14,1,0,"['캐주얼', '캐주얼룩', '스트릿', '스트릿룩', '놈코어룩', '예스아이씨', '반스올드스쿨', '서울숲', '좋아요', '좋반', '좋반테러', '좋반환영', '좋아요반사']",xogmdll__7.png,539
xogmdll_,2515,994,2021-05-02,20:24:36,1,3,"['셀프사진관', '흑백사진관', '흑백사진', '유어셔터', '좋아요', '좋반', '좋반테러', '좋반환영', '좋아요반사']",xogmdll__8.png,504
xogmdll_,2515,994,2021-05-01,17:53:20,1,1,"['캐주얼', '캐주얼룩', '스트릿', '스트릿룩', '미니멀', '미니멀룩', '오오티디', '데일리룩', '자켓코디', '생지데님', '랩101', '좋아요', '좋반', '좋반테러', '좋반사', '좋반환영', '좋아요반사']",xogmdll__9.png,555
xogmdll_,2515,994,2021-04-15,20:55:37,1,1,"['캐주얼룩', '스트릿룩', '두마로', '두마로조거팬츠', '볼캡코디', '볼캡추천', '스웻팬츠', '좋아요', '좋반', '좋반테러', '좋반환영', '좋아요반사']",xogmdll__10.png,460
xogmdll_,2515,994,2021-04-09,16:47:16,1,1,"['intempomood', '시티보이', '시티보이룩', '캐주얼룩', '스트릿룩', '인템포무드', '쉘파카', '쉘파카코디', '좋아요', '좋반', '좋반테러', '좋반환영', '좋아요반사']",xogmdll__12.png,481
xogmdll_,2515,994,2021-04-07,19:27:31,1,1,"['스트릿', '스트릿룩', '스트릿패션', '캐주얼룩', '데일리룩', '인템포무드', '링클셔츠', '슈퍼스타', 'superstar', 'adidassuperstar', '좋아요', '좋반', '좋반환영', '좋반사', '좋반테러', '좋아요반사']",xogmdll__14.png,424
ki__tannn,1478,768,2021-06-08,23:55:43,0,0,"['picnic', 'sandwich', 'sweet', 'cake', 'bake', 'cafestagram', 'banana', 'p', 'homemade', 'cooking', '홈카페놀이', '팔로우', '과자', '좋아요', '좋아']",ki__tannn_4.png,216
ki__tannn,1478,768,2021-06-03,21:36:35,1,0,"['cafe', 'osaka', 'cheesecake', 'florentine', 'kitahama', 'cafestagram', 'sweet', 'cake', 'like']",ki__tannn_5.png,207
ki__tannn,1478,768,2021-05-30,22:32:57,0,0,"['strawberry', 'strawberrycake', 'birthdaycake', 'strawberryshortcake', 'patissier', 'sweet', 'cake', 'bake', 'cafestagram', 'stayhome', 'homemade', 'cooking', '홈카페놀이', '팔로우', '과자', '좋아요', '좋아요반사']",ki__tannn_6.png,236
ki__tannn,1478,768,2021-05-23,21:58:16,1,0,"['cafe', 'hyogo', 'crepe', 'cheesecake', 'tiramisu', 'cafestagram', 'sweet', 'cake', 'like']",ki__tannn_7.png,206
ki__tannn,1478,768,2021-05-19,22:05:00,0,0,"['tiramisu', 'hojicha', 'cheese', 'sweet', 'cake', 'cafestagram', 'stayhome', 'p', 'homemade', 'cooking', '홈카페놀이', '팔로우', '과자', '좋아요', '좋아요반사']",ki__tannn_8.png,256
ki__tannn,1478,768,2021-05-09,23:04:21,0,0,"['tabletchocolate', 'chocolate', 'chocolatier', 'sweet', 'cake', 'bake', 'cafestagram', 'stayhome', 'homemade', 'cooking', '홈카페놀이', '팔로우', '과자', '좋아요', '좋아요반사']",ki__tannn_9.png,196
ki__tannn,1478,768,2021-05-06,23:23:47,1,0,"['cafeletoiledemerinclinaison', 'cafe', 'cheesecake', 'cheese', 'chai', 'osaka', 'fromage', 'cafestagram', 'sweet', 'cake', 'like']",ki__tannn_10.png,239
ki__tannn,1478,768,2021-04-29,17:43:31,0,0,"['tiramisu', 'matcha', 'cheese', 'sweet', 'cake', 'cafestagram', 'stayhome', 'p', 'homemade', 'cooking', '홈카페놀이', '팔로우', '과자', '좋아요', '좋아요반사']",ki__tannn_11.png,260
ki__tannn,1478,768,2021-04-25,20:59:42,0,0,"['cookies', 'sweet', 'cake', 'bake', 'animals', 'pasta', 'cafestagram', 'stayhome', 'homemade', 'cooking', '홈카페놀이', '팔로우', '과자', '좋아요', '좋아요반사']",ki__tannn_12.png,240
ki__tannn,1478,768,2021-04-16,23:16:52,0,0,"['financier', 'cookies', 'matcha', 'sweet', 'cake', 'bake', 'cafestagram', 'stayhome', 'homemade', 'cooking', '홈카페놀이', '팔로우', '과자', '좋아요', '좋아요반사']",ki__tannn_13.png,219
ki__tannn,1478,768,2021-04-14,22:10:02,1,0,"['cafe101', 'cafe', 'osaka', 'crepe', 'strawberry', 'chocolate', 'cafestagram', 'sweet', 'cake', 'like']",ki__tannn_14.png,175
922_eden,1360,497,2021-04-15,10:29:05,1,3,"['부산아이파크', '45', '황준호']",922_eden_12.png,108
922_eden,1360,497,2021-04-10,22:42:58,1,2,"['부천fc', '부천fc1995', '김천상무']",922_eden_13.png,125
922_eden,1360,497,2021-04-04,19:33:30,1,2,"['레울', '서울e랜드']",922_eden_14.png,130
doilylook,7768,421,2021-06-09,15:44:31,0,0,"['도일리룩', '공구', '아동복', '유아복', '아동복공구', '유아복마켓', '딸옷', '딸맘', '아들옷', '아들맘', '선팔', '선팔하면맞팔', '맞팔', '선팔맞팔', '좋아요', '베이비패션', '아기옷', '아기옷공구', '아기실내복', '실내복공구', '육아맘', '맘옷', '맘룩', '줌마옷', '줌마룩', '아동복', '아동복마켓', '공구마켓']",doilylook_25.png,27
doilylook,7768,421,2021-06-09,15:22:19,0,0,"['도일리룩', '공구', '아동복', '유아복', '아동복공구', '유아복마켓', '딸옷', '딸맘', '아들옷', '아들맘', '선팔', '선팔하면맞팔', '맞팔', '선팔맞팔', '좋아요', '베이비패션', '아기옷', '아기옷공구', '아기실내복', '실내복공구', '육아맘', '맘옷', '맘룩', '줌마옷', '줌마룩', '아동복', '아동복마켓', '공구마켓']",doilylook_26.png,8
doilylook,7768,421,2021-06-08,13:36:05,0,0,"['도일리룩', '업뎃', '아동복', '유아복', '아동복공구', '유아복마켓', '딸옷', '딸맘', '아들옷', '아들맘', '선팔', '선팔하면맞팔', '맞팔', '선팔맞팔', '좋아요', '베이비패션', '아기옷', '아기옷공구', '아기실내복', '실내복공구', '육아맘', '맘옷', '맘룩', '줌마옷', '줌마룩', '아동복', '아동복마켓', '공구마켓']",doilylook_27.png,16
doilylook,7768,421,2021-06-08,13:34:49,0,0,"['도일리륵', '업뎃', '아동복', '유아복', '아동복공구', '유아복마켓', '딸옷', '딸맘', '아들옷', '아들맘', '선팔', '선팔하면맞팔', '맞팔', '선팔맞팔', '좋아요', '베이비패션', '아기옷', '아기옷공구', '아기실내복', '실내복공구', '육아맘', '맘옷', '맘룩', '줌마옷', '줌마룩', '아동복', '아동복마켓', '공구마켓']",doilylook_28.png,17
doilylook,7768,421,2021-06-08,13:33:39,0,0,"['도일리룩', '업뎃', '아동복', '유아복', '아동복공구', '유아복마켓', '딸옷', '딸맘', '아들옷', '아들맘', '선팔', '선팔하면맞팔', '맞팔', '선팔맞팔', '좋아요', '베이비패션', '아기옷', '아기옷공구', '아기실내복', '실내복공구', '육아맘', '맘옷', '맘룩', '줌마옷', '줌마룩', '아동복', '아동복마켓', '공구마켓']",doilylook_29.png,9
doilylook,7768,421,2021-06-08,13:30:09,0,0,"['도일리룩', '업뎃', '아동복', '유아복', '아동복공구', '유아복마켓', '딸옷', '딸맘', '아들옷', '아들맘', '선팔', '선팔하면맞팔', '맞팔', '선팔맞팔', '좋아요', '베이비패션', '아기옷', '아기옷공구', '아기실내복', '실내복공구', '육아맘', '맘옷', '맘룩', '줌마옷', '줌마룩', '아동복', '아동복마켓', '공구마켓']",doilylook_30.png,14
doilylook,7768,421,2021-06-08,00:23:02,0,0,"['도일리맘', '공구', '아동복', '유아복', '아동복공구', '유아복마켓', '딸옷', '딸맘', '아들옷', '아들맘', '선팔', '선팔하면맞팔', '맞팔', '선팔맞팔', '좋아요', '베이비패션', '아기옷', '아기옷공구', '아기실내복', '실내복공구', '육아맘', '맘옷', '맘룩', '줌마옷', '줌마룩', '아동복', '아동복마켓', '공구마켓']",doilylook_31.png,11
doilylook,7768,421,2021-06-07,23:25:57,0,0,"['도일리룩', '공구', '아동복', '유아복', '아동복공구', '유아복마켓', '딸옷', '딸맘', '아들옷', '아들맘', '선팔', '선팔하면맞팔', '맞팔', '선팔맞팔', '좋아요', '베이비패션', '아기옷', '아기옷공구', '아기실내복', '실내복공구', '육아맘', '맘옷', '맘룩', '줌마옷', '줌마룩', '아동복', '아동복마켓', '공구마켓']",doilylook_32.png,10
doilylook,7768,421,2021-06-07,23:06:22,0,0,"['도일리룩', '공구', '아동복', '유아복', '아동복공구', '유아복마켓', '딸옷', '딸맘', '아들옷', '아들맘', '선팔', '선팔하면맞팔', '맞팔', '선팔맞팔', '좋아요', '베이비패션', '아기옷', '아기옷공구', '아기실내복', '실내복공구', '육아맘', '맘옷', '맘룩', '줌마옷', '줌마룩', '아동복', '아동복마켓', '공구마켓']",doilylook_33.png,13
doilylook,7768,421,2021-06-07,19:18:09,0,0,"['도일리룩', '업뎃', '아동복', '유아복', '아동복공구', '유아복마켓', '딸옷', '딸맘', '아들옷', '아들맘', '선팔', '선팔하면맞팔', '맞팔', '선팔맞팔', '좋아요', '베이비패션', '아기옷', '아기옷공구', '아기실내복', '실내복공구', '육아맘', '맘옷', '맘룩', '줌마옷', '줌마룩', '아동복', '아동복마켓', '공구마켓']",doilylook_34.png,7
doilylook,7768,421,2021-06-07,15:07:26,0,0,"['도일리룩', '업뎃', '아동복', '유아복', '아동복공구', '유아복마켓', '딸옷', '딸맘', '아들옷', '아들맘', '선팔', '선팔하면맞팔', '맞팔', '선팔맞팔', '좋아요', '베이비패션', '아기옷', '아기옷공구', '아기실내복', '실내복공구', '육아맘', '맘옷', '맘룩', '줌마옷', '줌마룩', '아동복', '아동복마켓', '공구마켓']",doilylook_35.png,5
_emunzi,122,103,2021-05-24,16:44:47,0,0,['헐스밴드'],_emunzi_2.png,49
_emunzi,122,103,2021-05-23,22:32:53,1,0,['대학생처럼보이고싶은룩'],_emunzi_3.png,45
_emunzi,122,103,2021-04-29,13:13:03,1,0,['사랑하는언니랑'],_emunzi_4.png,44
x.xlk___o7,892,124,2021-05-30,18:19:26,1,0,"['맞팔', '선팔하면맞팔', '맞팔환영', '맞팔선팔', '팔로우', '팔로워', '팔로잉', '맞팔해요', '팔로우미', '맞팔좋아요', '맞팔반사', 'likeforfollow', 'follow4follow', 'f4ff', 'likesforlike', 'followback', 'f4f', 'f4follow', 'followme', 'follow4like', '선팔', '좋아요', '좋아요반사', '좋반', '소통', '소통해요', 'ootd', 'likeforlikes', 'like4likes', 'like4follow']",x.xlk___o7_5.png,138
x.xlk___o7,892,124,2021-04-23,23:09:04,1,0,"['맞팔', '선팔하면맞팔', '맞팔환영', '맞팔선팔', '팔로우', '팔로워', '팔로잉', '맞팔해요', '팔로우미', '맞팔좋아요', '맞팔반사', 'likeforfollow', 'follow4follow', 'f4ff', 'likesforlike', 'followback', 'f4f', 'f4follow', 'followme', 'follow4like', '선팔', '좋아요', '좋아요반사', '좋반', '소통', '소통해요', 'ootd', 'likeforlikes', 'like4likes', 'like4follow']",x.xlk___o7_8.png,113
x.xlk___o7,892,124,2021-04-18,18:13:41,1,0,"['부산', '기장카페', '덕미카페']",x.xlk___o7_9.png,132
ddo._.ye_vely,457,67,2021-06-09,16:18:31,0,0,"['동그리동동', '아기만두', '아기곰', '귀야워', '50일촬영']",ddo._.ye_vely_14.png,115
ddo._.ye_vely,457,67,2021-06-09,14:20:58,0,0,"['똥강아지', '50일촬영', '아기토끼', '인상파']",ddo._.ye_vely_15.png,123
ddo._.ye_vely,457,67,2021-06-02,13:35:09,0,0,"['엄마표병풍', '아기병풍']",ddo._.ye_vely_21.png,95
_gi_.ma_.yng,1646,226,2021-06-08,22:07:22,0,0,"['선바굿즈', '선바', '19', '03', 'selstagram', 'selfie', 'likes', 'likeforlikes', 'likeforfollow', 'like4likes', 'instalike', 'l4like', 'fff', 'f4f', 'lfl', 'instagood', 'instadaily']",_gi_.ma_.yng_5.png,423
_gi_.ma_.yng,1646,226,2021-05-31,06:35:10,0,0,"['19', '03', 'selstagram', 'selfie', 'likes', 'likeforlikes', 'likeforfollow', 'like4likes', 'instalike', 'l4like', 'fff', 'f4f', 'lfl', 'instagood', 'instadaily']",_gi_.ma_.yng_7.png,323
_gi_.ma_.yng,1646,226,2021-05-30,16:41:46,0,0,"['19', '03', 'selstagram', 'selfie', 'likes', 'likeforlikes', 'likeforfollow', 'like4likes', 'instalike', 'l4like', 'fff', 'f4f', 'lfl', 'instagood', 'instadaily']",_gi_.ma_.yng_8.png,271
_gi_.ma_.yng,1646,226,2021-05-28,20:51:54,0,0,"['19', '03', 'selstagram', 'selfie', 'likes', 'likeforlikes', 'likeforfollow', 'like4likes', 'instalike', 'l4like', 'fff', 'f4f', 'lfl', 'instagood', 'instadaily']",_gi_.ma_.yng_9.png,245
_gi_.ma_.yng,1646,226,2021-05-26,23:22:08,0,0,"['19', '03', 'selstagram', 'selfie', 'likes', 'likeforlikes', 'likeforfollow', 'like4likes', 'instalike', 'l4like', 'fff', 'f4f', 'lfl', 'instagood', 'instadaily']",_gi_.ma_.yng_10.png,265
_gi_.ma_.yng,1646,226,2021-05-23,18:07:44,0,0,"['19', '03', 'selstagram', 'selfie', 'likes', 'likeforlikes', 'likeforfollow', 'like4likes', 'instalike', 'l4like', 'fff', 'f4f', 'lfl', 'instagood', 'instadaily']",_gi_.ma_.yng_11.png,275
_gi_.ma_.yng,1646,226,2021-05-22,06:43:23,0,0,"['19', '03', 'selstagram', 'selfie', 'likes', 'likeforlikes', 'likeforfollow', 'like4likes', 'instalike', 'l4like', 'fff', 'f4f', 'lfl', 'instagood', 'instadaily']",_gi_.ma_.yng_12.png,351
_gi_.ma_.yng,1646,226,2021-05-14,14:01:46,0,0,"['19', '03', 'selstagram', 'selfie', 'likes', 'likeforlikes', 'likeforfollow', 'like4likes', 'instalike', 'l4like', 'fff', 'f4f', 'lfl', 'instagood', 'instadaily']",_gi_.ma_.yng_13.png,339
_gi_.ma_.yng,1646,226,2021-05-01,12:11:20,0,0,"['19', '03', 'selstagram', 'selfie', 'likes', 'likeforlikes', 'likeforfollow', 'like4likes', 'instalike', 'l4like', 'fff', 'f4f', 'lfl', 'instagood', 'instadaily']",_gi_.ma_.yng_16.png,552
_gi_.ma_.yng,1646,226,2021-04-28,12:53:29,0,0,"['19', '03', 'selstagram', 'selfie', 'likes', 'likeforlikes', 'likeforfollow', 'like4likes', 'instalike', 'l4like', 'fff', 'f4f', 'lfl', 'instagood', 'instadaily']",_gi_.ma_.yng_17.png,667
_gi_.ma_.yng,1646,226,2021-04-25,22:03:00,0,0,"['19', '03', 'selstagram', 'selfie', 'likes', 'likeforlikes', 'likeforfollow', 'like4likes', 'instalike', 'l4like', 'fff', 'f4f', 'lfl', 'instagood', 'instadaily']",_gi_.ma_.yng_18.png,563
gkdud__y,3501,369,2021-06-05,20:10:03,1,0,"['소통', '좋아요반사', '좋아요', '좋아요테러', '좋반', '좋반테러', '셀스타그램', '셀카', '셀피', '셀스타', '얼스타그램', '선팔', '선팔하면맞팔', '아웃핏', '타투', '대구', '구미', '대구카페', '구미카페', '동성로', '대구신상카페', '전신샷', '패션', '미니멀룩', '디엠', '협찬문의', 'f4f', 'l4l']",gkdud__y_3.png,400
gkdud__y,3501,369,2021-05-20,20:44:12,1,0,"['소통', '좋아요반사', '좋아요', '좋아요테러', '좋반', '좋반테러', '셀스타그램', '셀카', '셀피', '셀스타', '얼스타그램', '선팔', '선팔하면맞팔', '아웃핏', '타투', '대구', '구미', '대구카페', '구미카페', '동성로', '대구신상카페', '전신샷', '패션', '미니멀룩', '디엠', '협찬문의', 'f4f', 'l4l']",gkdud__y_5.png,472
gkdud__y,3501,369,2021-05-10,22:08:32,1,0,"['소통', '좋아요반사', '좋아요', '좋아요테러', '좋반', '좋반테러', '셀스타그램', '셀카', '셀피', '셀스타', '얼스타그램', '선팔', '선팔하면맞팔', '아웃핏', '타투', '대구', '구미', '대구카페', '구미카페', '동성로', '대구신상카페', '전신샷', '패션', '미니멀룩', '디엠', '협찬문의', 'f4f', 'l4l']",gkdud__y_6.png,574
gkdud__y,3501,369,2021-04-27,22:43:10,1,0,"['소통', '좋아요반사', '좋아요', '좋아요테러', '좋반', '좋반테러', '셀스타그램', '셀카', '셀피', '셀스타', '얼스타그램', '선팔', '선팔하면맞팔', '아웃핏', '타투', '대구', '구미', '대구카페', '구미카페', '동성로', '대구신상카페', '전신샷', '패션', '미니멀룩', '디엠', '협찬문의', 'f4f', 'l4l']",gkdud__y_7.png,584
gkdud__y,3501,369,2021-04-22,19:31:38,0,0,"['소통', '좋아요반사', '좋아요', '좋아요테러', '좋반', '좋반테러', '셀스타그램', '셀카', '셀피', '셀스타', '얼스타그램', '선팔', '선팔하면맞팔', '아웃핏', '타투', '대구', '구미', '대구카페', '구미카페', '동성로', '대구신상카페', '전신샷', '패션', '미니멀룩', '디엠', '협찬문의', 'f4f', 'l4l']",gkdud__y_8.png,559
gkdud__y,3501,369,2021-04-20,14:02:15,1,0,"['소통', '좋아요반사', '좋아요', '좋아요테러', '좋반', '좋반테러', '셀스타그램', '셀카', '셀피', '셀스타', '얼스타그램', '선팔', '선팔하면맞팔', '아웃핏', '타투', '대구', '구미', '대구카페', '구미카페', '동성로', '대구신상카페', '전신샷', '패션', '미니멀룩', '디엠', '협찬문의', 'f4f', 'l4l', '참지말고', '벗으세요']",gkdud__y_9.png,758
gkdud__y,3501,369,2021-04-18,21:23:10,1,0,"['소통', '좋아요반사', '좋아요', '좋아요테러', '좋반', '좋반테러', '셀스타그램', '셀카', '셀피', '셀스타', '얼스타그램', '선팔', '선팔하면맞팔', '아웃핏', '타투', '대구', '구미', '대구카페', '구미카페', '동성로', '대구신상카페', '전신샷', '패션', '미니멀룩', '디엠', '협찬문의', 'f4f', 'l4l']",gkdud__y_10.png,807
gkdud__y,3501,369,2021-04-16,14:25:12,1,0,"['소통', '좋아요반사', '좋아요', '좋아요테러', '좋반', '좋반테러', '셀스타그램', '셀카', '셀피', '셀스타', '얼스타그램', '선팔', '선팔하면맞팔', '아웃핏', '타투', '대구', '구미', '대구카페', '구미카페', '동성로', '대구신상카페', '전신샷', '패션', '미니멀룩', '디엠', '협찬문의', 'f4f', 'l4l']",gkdud__y_11.png,361
gkdud__y,3501,369,2021-03-29,23:27:47,1,0,"['소통', '좋아요반사', '좋아요', '좋아요테러', '좋반', '좋반테러', '셀스타그램', '셀카', '셀피', '셀스타', '얼스타그램', '선팔', '선팔하면맞팔', '아웃핏', '타투', '대구', '구미', '대구카페', '구미카페', '동성로', '대구신상카페', '전신샷', '패션', '미니멀룩', '디엠', '협찬문의', 'f4f', 'l4l']",gkdud__y_13.png,693
gkdud__y,3501,369,2021-03-25,21:06:43,1,0,"['소통', '좋아요반사', '좋아요', '좋아요테러', '좋반', '좋반테러', '셀스타그램', '셀카', '셀피', '셀스타', '얼스타그램', '선팔', '선팔하면맞팔', '아웃핏', '타투', '대구', '구미', '대구카페', '구미카페', '동성로', '대구신상카페', '전신샷', '패션', '미니멀룩', '디엠', '협찬문의', 'f4f', 'l4l', '인생샷문의주세요']",gkdud__y_14.png,634
gkdud__y,3501,369,2021-03-22,12:22:14,1,0,"['소통', '좋아요반사', '좋아요', '좋아요테러', '좋반', '좋반테러', '셀스타그램', '셀카', '셀피', '셀스타', '얼스타그램', '선팔', '선팔하면맞팔', '아웃핏', '타투', '대구', '구미', '대구카페', '구미카페', '동성로', '대구신상카페', '전신샷', '패션', '미니멀룩', '디엠', '협찬문의', 'f4f', 'l4l']",gkdud__y_16.png,622
j___soo_2,2006,422,2021-06-06,20:36:15,0,0,"['좋아요테러', '좋아요반사', '팔로우', '맞팔환영', '맞팔', '선팔하면맞팔', '선팔맞팔', '좋아요테러', '좋반', '좋아요', '좋아요반사', '팔로우', '맞팔환영', '맞팔해요', '선팔하면맞팔', '선팔', 'follow4like', 'fff', 'followforfollowback', 'likeforlikes', 'like4follow', 'l4f', 'f4f', 'l4l', 'ootd', '다렉', '좋아요테러', '좋아요반사', '팔로우', '맞팔환영', '맞팔', '선팔하면맞팔', '선팔맞팔', '좋아요테러', '좋반', '좋아요', '좋아요반사', '팔로우', '맞팔환영', '맞팔해요', '선팔하면맞팔', '선팔', 'follow4like', 'fff', 'followforfollowback', 'likeforlikes', 'like4follow', 'l4f', 'f4f', 'l4l', 'ootd', '다렉']",j___soo_2_4.png,208
j___soo_2,2006,422,2021-06-04,17:36:04,0,0,"['좋아요테러', '좋아요반사', '팔로우', '맞팔환영', '맞팔', '선팔하면맞팔', '선팔맞팔', '좋아요테러', '좋반', '좋아요', '좋아요반사', '팔로우', '맞팔환영', '맞팔해요', '선팔하면맞팔', '선팔', 'follow4like', 'fff', 'followforfollowback', 'likeforlikes', 'like4follow', 'l4f', 'f4f', 'l4l', 'ootd', '다렉', '좋아요테러', '좋아요반사', '팔로우', '맞팔환영', '맞팔', '선팔하면맞팔', '선팔맞팔', '좋아요테러', '좋반', '좋아요', '좋아요반사', '팔로우', '맞팔환영', '맞팔해요', '선팔하면맞팔', '선팔', 'follow4like', 'fff', 'followforfollowback', 'likeforlikes', 'like4follow', 'l4f', 'f4f', 'l4l', 'ootd', '다렉']",j___soo_2_5.png,268
j___soo_2,2006,422,2021-04-21,20:21:24,0,0,"['좋아요테러', '좋아요반사', '팔로우', '맞팔환영', '맞팔', '선팔하면맞팔', '선팔맞팔', '좋아요테러', '좋반', '좋아요', '좋아요반사', '팔로우', '맞팔환영', '맞팔해요', '선팔하면맞팔', '선팔', 'follow4like', 'fff', 'followforfollowback', 'likeforlikes', 'like4follow', 'l4f', 'f4f', 'l4l', 'ootd', '다렉', '좋아요테러', '좋아요반사', '팔로우', '맞팔환영', '맞팔', '선팔하면맞팔', '선팔맞팔', '좋아요테러', '좋반', '좋아요', '좋아요반사', '팔로우', '맞팔환영', '맞팔해요', '선팔하면맞팔', '선팔', 'follow4like', 'fff', 'followforfollowback', 'likeforlikes', 'like4follow', 'l4f', 'f4f', 'l4l', 'ootd', '다렉']",j___soo_2_11.png,266
j___soo_2,2006,422,2021-04-04,20:06:34,0,0,"['좋아요테러', '좋아요반사', '팔로우', '맞팔환영', '맞팔', '선팔하면맞팔', '선팔맞팔', '좋아요테러', '좋반', '좋아요', '좋아요반사', '팔로우', '맞팔환영', '맞팔해요', '선팔하면맞팔', '선팔', 'follow4like', 'fff', 'followforfollowback', 'likeforlikes', 'like4follow', 'l4f', 'f4f', 'l4l', 'ootd', '다렉', '좋아요테러', '좋아요반사', '팔로우', '맞팔환영', '맞팔', '선팔하면맞팔', '선팔맞팔', '좋아요테러', '좋반', '좋아요', '좋아요반사', '팔로우', '맞팔환영', '맞팔해요', '선팔하면맞팔', '선팔', 'follow4like', 'fff', 'followforfollowback', 'likeforlikes', 'like4follow', 'l4f', 'f4f', 'l4l', 'ootd', '다렉']",j___soo_2_13.png,328
_d__on,782,299,2021-05-30,12:58:53,0,0,"['88', '팔팔포차', '천안', '두정', '두정동먹자골목']",_d__on_3.png,131
_d__on,782,299,2021-05-12,17:59:32,0,0,"['팔팔포차', '두정동', '먹자골목', '88포차', '천안', '수원']",_d__on_4.png,129
_d__on,782,299,2021-05-05,22:55:06,0,0,"['수원', '평택', '천안', '팬텀', 'pc방']",_d__on_5.png,149
_d__on,782,299,2021-04-27,18:06:43,0,0,"['천안', '평택', '수원', '술', '지겨워']",_d__on_6.png,144
_d__on,782,299,2021-04-04,09:40:23,0,0,"['수원', '천안', '평택', '놀자', '술']",_d__on_7.png,128
_d__on,782,299,2021-03-31,20:22:29,0,0,"['가르마헤어', '수원역', '로데오점', '실력무엇', '완전잘해']",_d__on_8.png,118
_d__on,782,299,2021-03-24,15:21:57,0,0,"['경기도', '안산', '수원', '아쉬움', '친구', '형', '누나']",_d__on_9.png,123
_d__on,782,299,2021-03-20,21:27:35,0,0,"['안산', '선부역', '개구쟁이', '놀자']",_d__on_10.png,89
hyyyyem,143,93,2021-05-19,21:42:58,0,0,"['먹는거에진심인편', '김양락', '최양락', '최양락단발']",hyyyyem_10.png,205
uubeeenn,471,166,2021-05-29,00:12:55,1,0,"['selfie', 'daily', 'ootd', 'fff', 'l4f', '03년생', '04년생', '04', '일상', '데일리', '오오티디', '데일리스타그램', '셀카', '셀피', '셀스타그램', '얼스타그램', '좋아요', '좋반', '좋아요반사', '팔로우', '팔로우미', '선팔', '맞팔', '선팔하면맞팔', '인친', '인친해요', '소통', '소통해요', '디엠', '디엠환영']",uubeeenn_3.png,357
uubeeenn,471,166,2021-05-11,23:59:48,0,0,"['selfie', 'daily', 'ootd', 'fff', 'l4f', '03년생', '04년생', '04', '일상', '데일리', '오오티디', '데일리스타그램', '셀카', '셀피', '셀스타그램', '얼스타그램', '좋아요', '좋반', '좋아요반사', '팔로우', '팔로우미', '선팔', '맞팔', '선팔하면맞팔', '인친', '인친해요', '소통', '소통해요', '디엠', '디엠환영']",uubeeenn_4.png,334
uubeeenn,471,166,2021-05-08,00:12:21,1,0,"['selfie', 'daily', 'ootd', 'fff', 'l4f', '03년생', '04년생', '04', '일상', '데일리', '오오티디', '데일리스타그램', '셀카', '셀피', '셀스타그램', '얼스타그램', '좋아요', '좋반', '좋아요반사', '팔로우', '팔로우미', '선팔', '맞팔', '선팔하면맞팔', '인친', '인친해요', '소통', '소통해요', '디엠', '디엠환영']",uubeeenn_5.png,724
uubeeenn,471,166,2021-04-25,00:22:37,1,0,"['selfie', 'daily', 'ootd', 'fff', 'l4f', '03년생', '04년생', '04', '일상', '데일리', '오오티디', '데일리스타그램', '셀카', '셀피', '셀스타그램', '얼스타그램', '좋아요', '좋반', '좋아요반사', '팔로우', '팔로우미', '선팔', '맞팔', '선팔하면맞팔', '인친', '인친해요', '소통', '소통해요', '디엠', '디엠환영']",uubeeenn_6.png,685
aao_o2929,1500,670,2021-06-09,19:03:37,0,0,"['첫줄', '일상', '서울', '홍대', '경기도', '선팔', '맞팔', '인친', '셀피', '셀스타그램', '럽스타그램', '얼스타그램', '데일리', '소통', '오오티티', '팔로우', '좋아요', '좋아요반사', '맞팔해요', '인스타그램', '연애', 'l4l', 'life', 'today', 'daily', 'ootd', 'dm', 'insta', 'selfie', 'me']",aao_o2929_39.png,33
aao_o2929,1500,670,2021-06-09,14:19:15,0,0,"['첫줄', '일상', '서울', '홍대', '경기도', '선팔', '맞팔', '인친', '셀피', '셀스타그램', '럽스타그램', '얼스타그램', '데일리', '소통', '오오티티', '팔로우', '좋아요', '좋아요반사', '맞팔해요', '인스타그램', '연애', 'l4l', 'life', 'today', 'daily', 'ootd', 'dm', 'insta', 'selfie', 'me']",aao_o2929_40.png,35
aao_o2929,1500,670,2021-06-09,14:15:00,0,0,"['첫줄', '일상', '서울', '홍대', '경기도', '선팔', '맞팔', '인친', '셀피', '셀스타그램', '럽스타그램', '얼스타그램', '데일리', '소통', '오오티티', '팔로우', '좋아요', '좋아요반사', '맞팔해요', '인스타그램', '연애', 'l4l', 'life', 'today', 'daily', 'ootd', 'dm', 'insta', 'selfie', 'me']",aao_o2929_41.png,33
aao_o2929,1500,670,2021-06-09,11:15:26,0,0,"['첫줄', '연상연하커플', '190일째', '사랑듬뿍받는중', '경기도', '선팔', '맞팔', '인친', '셀피', '셀스타그램', '럽스타그램', '얼스타그램', '데일리', '소통', '오오티티', '팔로우', '좋아요', '좋아요반사', '맞팔해요', '인스타그램', '연애', 'l4l', 'life', 'today', 'daily', 'ootd', 'dm', 'insta', 'selfie', 'me']",aao_o2929_42.png,39
aao_o2929,1500,670,2021-06-09,08:55:42,0,0,"['첫줄', '연상연하커플', '190일째', '연애중', '경기도', '선팔', '맞팔', '인친', '셀피', '셀스타그램', '럽스타그램', '얼스타그램', '데일리', '소통', '오오티티', '팔로우', '좋아요', '좋아요반사', '맞팔해요', '인스타그램', '연애', 'l4l', 'life', 'today', 'daily', 'ootd', 'dm', 'insta', 'selfie', 'me']",aao_o2929_43.png,35
aao_o2929,1500,670,2021-06-09,08:52:31,0,0,"['첫줄', '일상', '서울', '홍대', '경기도', '선팔', '맞팔', '인친', '셀피', '셀스타그램', '럽스타그램', '얼스타그램', '데일리', '소통', '오오티티', '팔로우', '좋아요', '좋아요반사', '맞팔해요', '인스타그램', '연애', 'l4l', 'life', 'today', 'daily', 'ootd', 'dm', 'insta', 'selfie', 'me']",aao_o2929_44.png,32
aao_o2929,1500,670,2021-06-08,23:19:41,0,0,"['첫줄', '연상연하커플', '189일째', '연애중', '다음주', '200일', '항상', '고맙고', '많이사랑해', '셀스타그램', '럽스타그램', '얼스타그램', '데일리', '소통', '오오티티', '팔로우', '좋아요', '좋아요반사', '맞팔해요', '인스타그램', '연애', 'l4l', 'life', 'today', 'daily', 'ootd', 'dm', 'insta', 'selfie', 'me']",aao_o2929_45.png,30
aao_o2929,1500,670,2021-06-08,13:12:00,0,0,"['첫줄', '일상', '서울', '홍대', '경기도', '선팔', '맞팔', '인친', '셀피', '셀스타그램', '럽스타그램', '얼스타그램', '데일리', '소통', '오오티티', '팔로우', '좋아요', '좋아요반사', '맞팔해요', '인스타그램', '연애', 'l4l', 'life', 'today', 'daily', 'ootd', 'dm', 'insta', 'selfie', 'me']",aao_o2929_46.png,33
aao_o2929,1500,670,2021-06-08,13:08:24,0,0,"['첫줄', '일상', '서울', '홍대', '경기도', '선팔', '맞팔', '인친', '셀피', '셀스타그램', '럽스타그램', '얼스타그램', '데일리', '소통', '오오티티', '팔로우', '좋아요', '좋아요반사', '맞팔해요', '인스타그램', '연애', 'l4l', 'life', 'today', 'daily', 'ootd', 'dm', 'insta', 'selfie', 'me']",aao_o2929_47.png,34
aao_o2929,1500,670,2021-06-08,12:39:24,0,0,"['첫줄', '하트거울', '보라색', '너무', '이쁘다', '고마워요', '인친', '셀피', '셀스타그램', '럽스타그램', '얼스타그램', '데일리', '소통', '오오티티', '팔로우', '좋아요', '좋아요반사', '맞팔해요', '인스타그램', '연애', 'l4l', 'life', 'today', 'daily', 'ootd', 'dm', 'insta', 'selfie', 'me']",aao_o2929_48.png,32
aao_o2929,1500,670,2021-06-08,08:56:45,0,0,"['첫줄', '일상', '서울', '홍대', '경기도', '선팔', '맞팔', '인친', '셀피', '셀스타그램', '럽스타그램', '얼스타그램', '데일리', '소통', '오오티티', '팔로우', '좋아요', '좋아요반사', '맞팔해요', '인스타그램', '연애', 'l4l', 'life', 'today', 'daily', 'ootd', 'dm', 'insta', 'selfie', 'me']",aao_o2929_49.png,26
